id,path,app,format,source,producer,producer_version,features,license_status,tier,expected_status,quarantine_reason,sha256,size_bytes,notes
pptx_chart_dense_203slides,corpus/pptx/pptx_chart_dense_203slides.pptx,powerpoint,pptx,private-source:f400e657c95818e2,Microsoft Macintosh PowerPoint,16.0000,office-native;large-deck;charts;media;embedded-workbooks;notes;comments,private-evaluation-only,stress,pass,,f400e657c95818e28398c3ab0da9b93649fb58fc6a99e7d54edbd8f51d8182ad,22369088,parts=2764; slides=203; layouts=12; masters=1; charts=1152; media=150; embeddings=398; notes=82; comments=1; private evaluation only; do not redistribute; private source redacted
pptx_report_344slides_multimedia,corpus/pptx/pptx_report_344slides_multimedia.pptx,powerpoint,pptx,private-source:4030eb87abb1ba99,Microsoft Macintosh PowerPoint,16.0000,office-native;large-deck;charts;media;embedded-workbooks;notes,private-evaluation-only,stress,pass,,4030eb87abb1ba997c6e2cc4b220d12acd2adc29b41f484fde37608900964301,50474990,parts=3722; slides=344; layouts=9; masters=1; charts=948; media=351; embeddings=320; notes=58; private evaluation only; do not redistribute; private source redacted
pptx_report_411slides_notes,corpus/pptx/pptx_report_411slides_notes.pptx,powerpoint,pptx,private-source:eb46378a34fcf263,Microsoft Macintosh PowerPoint,16.0000,office-native;large-deck;charts;media;embedded-workbooks;notes,private-evaluation-only,stress,pass,,eb46378a34fcf263d57c08d1fe1c145e9aa675219c2d991933adacc34e9422f0,30379055,parts=2490; slides=411; layouts=9; masters=1; charts=588; media=212; embeddings=206; notes=160; private evaluation only; do not redistribute; private source redacted
pptx_multimaster_136slides,corpus/pptx/pptx_multimaster_136slides.pptx,powerpoint,pptx,private-source:33211e337cc6154a,Microsoft Macintosh PowerPoint,16.0000,office-native;large-deck;charts;media;embedded-workbooks;notes;multi-master;many-layouts,private-evaluation-only,extended,pass,,33211e337cc6154a0e0309c3d7d02cd70f9922d7a17dd52da976a9da426c198d,20523273,parts=1465; slides=136; layouts=33; masters=2; charts=461; media=188; embeddings=154; notes=46; private evaluation only; do not redistribute; private source redacted
pptx_finance_diagram_charts,corpus/pptx/pptx_finance_diagram_charts.pptx,powerpoint,pptx,private-source:040258c95a9bdef8,Microsoft Macintosh PowerPoint,16.0000,office-native;large-deck;charts;diagrams;media;embedded-workbooks;notes;many-layouts,private-evaluation-only,extended,pass,,040258c95a9bdef84f93f3479d5a6181c88a1dee7fdcfd7fc7d3e2c5249daacd,24345145,parts=1495; slides=180; layouts=18; masters=1; charts=333; diagrams=5; media=123; embeddings=113; notes=10; private evaluation only; do not redistribute; private source redacted
pptx_report_160slides,corpus/pptx/pptx_report_160slides.pptx,powerpoint,pptx,private-source:221274bff6e9004a,Microsoft Macintosh PowerPoint,16.0000,office-native;large-deck;charts;media;embedded-workbooks;notes,private-evaluation-only,extended,pass,,221274bff6e9004a665b738e2fabb3f7055f06d6a8d374248686a7d41e966a69,19950456,parts=1100; slides=160; layouts=9; masters=1; charts=336; media=107; embeddings=118; notes=30; private evaluation only; do not redistribute; private source redacted
docx_annual_report_headers_media,corpus/docx/docx_annual_report_headers_media.docx,word,docx,private-source:2dd6a737d892d4d1,WPS Office_3.6.0.5672_F1E327BC-269C-435d-A152-05C5408002CA,not-declared,office-native;many-sections;headers;footers;media;customxml;track-changes;content-controls;fields,private-evaluation-only,stress,pass,,2dd6a737d892d4d1101b6e9190b0631cb455e39040d17527926b030d494329ca,2532648,parts=404; headers=51; footers=57; media=282; customXml=2; numbering=1; styles=1; sections=277; sdt=4; track_changes=7568; fields=104; private evaluation only; do not redistribute; private source redacted
docx_media_dense_case,corpus/docx/docx_media_dense_case.docx,word,docx,private-source:fbd7ce26952276e5,WPS Office_3.6.0.5672_F1E327BC-269C-435d-A152-05C5408002CA,not-declared,office-native;media;customxml,private-evaluation-only,stress,quarantine,Word repair dialog: unreadable content,fbd7ce26952276e5e70b395c5a85d79d384794cc4de6998596e4623237bc7923,1035210,parts=331; media=313; customXml=2; styles=1; sections=1; private evaluation only; do not redistribute; private source redacted
docx_budget_embedded_objects,corpus/docx/docx_budget_embedded_objects.docx,word,docx,private-source:21c23ce8c14e93af,WPS Office_3.6.0.5672_F1E327BC-269C-435d-A152-05C5408002CA,not-declared,office-native;headers;footers;media;embedded-objects;customxml;track-changes;content-controls;fields,private-evaluation-only,extended,pass,,21c23ce8c14e93af1f825461c03d570c2871043d426d9a6b2a80b1ef7fcc165e,2552615,parts=55; headers=3; footers=2; media=29; embeddings=8; customXml=2; numbering=1; styles=1; sections=2; sdt=4; track_changes=321; fields=924; private evaluation only; do not redistribute; private source redacted
docx_policy_embedded_objects,corpus/docx/docx_policy_embedded_objects.docx,word,docx,private-source:b33d4e7fc0ede509,WPS Office_3.6.0.5672_F1E327BC-269C-435d-A152-05C5408002CA,not-declared,office-native;headers;footers;media;embedded-objects;customxml;track-changes,private-evaluation-only,extended,pass,,b33d4e7fc0ede50967934f4557ebfd550198f0b580263cf0c5d2b09d9181d7a0,444042,parts=44; headers=5; footers=6; media=9; embeddings=11; customXml=2; numbering=1; styles=1; sections=9; track_changes=296; private evaluation only; do not redistribute; private source redacted
docx_layout_media_large,corpus/docx/docx_layout_media_large.docx,word,docx,private-source:824c4d2df1f3cbe2,Microsoft Office Word,15.0000,office-native;footers;footnotes;endnotes;media;large-docx,private-evaluation-only,stress,pass,,824c4d2df1f3cbe2ccb8b2c70090b2cb27a73127b8066e0099af0a0da0fe0eca,42272993,parts=35; footers=1; footnotes=1; endnotes=1; media=19; numbering=1; styles=1; sections=1; private evaluation only; do not redistribute; private source redacted
docx_newspaper_customxml,corpus/docx/docx_newspaper_customxml.docx,word,docx,private-source:8a85b9603d6d3c98,Microsoft Office Word,15.0000,office-native;footers;footnotes;endnotes;media;customxml;content-controls;large-docx,private-evaluation-only,extended,pass,,8a85b9603d6d3c982dfad4a8ee72cce73e656749226fc6f2c44ccd3665a31d2b,17139583,parts=41; footers=2; footnotes=1; endnotes=1; media=6; customXml=8; styles=1; sections=1; sdt=68; private evaluation only; do not redistribute; private source redacted
pptx_bgy_sales_recommendation,corpus/pptx/pptx_bgy_sales_recommendation.pptx,powerpoint,pptx,private-source:94f72c52474b259e,Microsoft Office PowerPoint,15.0000,office-native;diagrams;media;notes;comments,private-evaluation-only,smoke,pass,,94f72c52474b259e5601ccc3a8a7782a4c3a6117e2a08f8c9b5d9ae22e81e355,4326334,parts=523; slides=90; layouts=3; masters=1; diagrams=110; media=31; notes=34; comments=1; private evaluation only; do not redistribute; private source redacted
pptx_bgy_standard_sales_flow,corpus/pptx/pptx_bgy_standard_sales_flow.pptx,powerpoint,pptx,private-source:e62de5edb9dac6ae,Microsoft Office PowerPoint,14.0000,office-native;charts;diagrams;media;embedded-workbooks;notes,private-evaluation-only,smoke,pass,,e62de5edb9dac6ae480f8b8e2e75a2342ef1edd66130f5efc8c0e6c4ba5fbe79,1566918,parts=276; slides=44; layouts=11; masters=1; charts=1; diagrams=125; media=7; embeddings=1; notes=6; private evaluation only; do not redistribute; private source redacted
pptx_leadership_execution_119slides,corpus/pptx/pptx_leadership_execution_119slides.pptx,powerpoint,pptx,private-source:0f652ccb722df81d,Microsoft Office PowerPoint,16.0000,office-native;large-deck;charts;diagrams;media;embedded-workbooks;notes,private-evaluation-only,nightly,pass,,0f652ccb722df81deb3f81f77ecaa71df79a4c394a9618b034be51a650895006,8856649,parts=494; slides=119; layouts=12; masters=1; charts=2; diagrams=85; media=99; embeddings=10; notes=5; private evaluation only; do not redistribute; private source redacted
pptx_structured_thinking_52slides,corpus/pptx/pptx_structured_thinking_52slides.pptx,powerpoint,pptx,private-source:0c1db68a42d494d6,Microsoft Office PowerPoint,16.0000,office-native;diagrams;media;multi-master;many-layouts,private-evaluation-only,smoke,pass,,0c1db68a42d494d69b3f88c68cce6c1fb7976d9f34079ecea87fecc903f33eb9,1575300,parts=583; slides=52; layouts=166; masters=16; diagrams=75; media=14; private evaluation only; do not redistribute; private source redacted
pptx_update_241030_charts,corpus/pptx/pptx_update_241030_charts.pptx,powerpoint,pptx,private-source:321245a0ad809a36,Microsoft Macintosh PowerPoint,16.0000,office-native;charts;media;embedded-workbooks,private-evaluation-only,smoke,pass,,321245a0ad809a366449a27527d4591bb9cff55d8c8b904b018e0bd7b2aebfe4,2992043,parts=549; slides=57; layouts=9; masters=1; charts=148; media=22; embeddings=50; private evaluation only; do not redistribute; private source redacted
pptx_original_model_framework,corpus/pptx/pptx_original_model_framework.pptx,powerpoint,pptx,private-source:8bf3d30bb8d09736,Microsoft Macintosh PowerPoint,16.0000,office-native;large-deck;charts;media;embedded-workbooks;notes,private-evaluation-only,nightly,pass,,8bf3d30bb8d0973623b5b2d0ff9f106d2688918bb4a7054ca89ba833c88c8134,13249100,parts=3379; slides=304; layouts=5; masters=1; charts=1; media=158; embeddings=1; notes=40; private evaluation only; do not redistribute; private source redacted
pptx_smart_goal_training,corpus/pptx/pptx_smart_goal_training.pptx,powerpoint,pptx,private-source:39dd61b7b2ff1efd,WPS 演示,14.0000,office-native;media,private-evaluation-only,nightly,pass,,39dd61b7b2ff1efd4f4f8ff28ea275938702f2a4fc2faf2f6646114a7389a81f,1581437,parts=127; slides=23; layouts=11; masters=1; media=11; private evaluation only; do not redistribute; private source redacted
pptx_swot_model,corpus/pptx/pptx_swot_model.pptx,powerpoint,pptx,private-source:235fd4014b889aac,WPS 演示,14.0000,office-native;media,private-evaluation-only,nightly,pass,,235fd4014b889aacf677c01614304d3b4fff2904be87a6e589cccf59949c6b40,21622300,parts=101; slides=24; layouts=11; masters=1; media=5; private evaluation only; do not redistribute; private source redacted
pptx_okr_training,corpus/pptx/pptx_okr_training.pptx,powerpoint,pptx,private-source:416b54c67a5909c4,WPS 演示,14.0000,office-native;charts;media;embedded-workbooks;notes,private-evaluation-only,nightly,pass,,416b54c67a5909c43d05ed842535fde174d0d98b86b3a83761ab6acdd309dad9,6334708,parts=191; slides=24; layouts=12; masters=1; charts=3; media=22; embeddings=2; notes=24; private evaluation only; do not redistribute; private source redacted
pptx_pdca_training,corpus/pptx/pptx_pdca_training.pptx,powerpoint,pptx,private-source:4b034b5ef717b10f,WPS 演示,14.0000,office-native;media,private-evaluation-only,nightly,pass,,4b034b5ef717b10f480cb88d880199cd2ee16a7c1a7cdc73ec1046d64a42353b,1544804,parts=142; slides=35; layouts=11; masters=1; media=5; private evaluation only; do not redistribute; private source redacted
pptx_report_100slides_brightblue,corpus/pptx/pptx_report_100slides_brightblue.pptx,powerpoint,pptx,private-source:ecb193f61fa3e757,Microsoft Macintosh PowerPoint,16.0000,office-native;large-deck;charts;media;embedded-workbooks;notes,private-evaluation-only,extended,pass,,ecb193f61fa3e757c6b69436e8152349f134d75d3d879d6a6956883c52433131,17160485,parts=685; slides=113; layouts=9; masters=1; charts=135; media=144; embeddings=49; notes=6; private evaluation only; do not redistribute; private source redacted
pptx_report_146slides_mogreen,corpus/pptx/pptx_report_146slides_mogreen.pptx,powerpoint,pptx,private-source:1b7b42f2fc041a12,Microsoft Macintosh PowerPoint,16.0000,office-native;large-deck;charts;media;embedded-workbooks;notes,private-evaluation-only,extended,pass,,1b7b42f2fc041a122000a88509bdd24ab74cb6c92e1eed762439180ad435dafb,12523451,parts=966; slides=146; layouts=9; masters=1; charts=282; media=97; embeddings=100; notes=27; private evaluation only; do not redistribute; private source redacted
pptx_report_207slides_blue,corpus/pptx/pptx_report_207slides_blue.pptx,powerpoint,pptx,private-source:0670187108c954e9,Microsoft Macintosh PowerPoint,16.0000,office-native;large-deck;charts;media;embedded-workbooks;notes;many-layouts,private-evaluation-only,stress,pass,,0670187108c954e95fcbb0a4574105e8a3833881325e47a6a71b7b154131ec6f,22957835,parts=2071; slides=207; layouts=17; masters=1; charts=624; media=204; embeddings=209; notes=46; private evaluation only; do not redistribute; private source redacted
pptx_update_250422_graphic_layout,corpus/pptx/pptx_update_250422_graphic_layout.pptx,powerpoint,pptx,private-source:a9b5ffce2d3aaf15,Microsoft Macintosh PowerPoint,16.0000,office-native;media;notes,private-evaluation-only,extended,pass,,a9b5ffce2d3aaf15979aa9c8e3e1cce59522b32c6db8572c134c0d92f8984ee3,27436584,parts=301; slides=38; layouts=9; masters=1; media=143; notes=23; private evaluation only; do not redistribute; private source redacted
docx_halfyear_financial_report_track,corpus/docx/docx_halfyear_financial_report_track.docx,word,docx,private-source:e5d55767be44af8e,WPS Office_3.6.0.5672_F1E327BC-269C-435d-A152-05C5408002CA,not-declared,office-native;many-sections;footers;media;customxml;track-changes;content-controls;fields,private-evaluation-only,extended,pass,,e5d55767be44af8eb057db7210b70e0f38d8b4ccf882596fd1ae741ce9dc6cab,1819064,parts=303; footers=45; media=243; customXml=2; numbering=1; styles=1; sections=247; sdt=4; track_changes=6124; fields=80; private evaluation only; do not redistribute; private source redacted
docx_finance_tables_track,corpus/docx/docx_finance_tables_track.docx,word,docx,private-source:b614c785a324b208,WPS Office_3.6.0.5672_F1E327BC-269C-435d-A152-05C5408002CA,not-declared,office-native;many-sections;headers;footers;customxml;track-changes,private-evaluation-only,extended,pass,,b614c785a324b208197eeed593cac6cb393133d6b2f52947cb5477b465e5b5a0,228094,parts=22; headers=1; footers=6; customXml=2; numbering=1; styles=1; sections=10; track_changes=3872; private evaluation only; do not redistribute; private source redacted
docx_enterprise_finance_policy_fields,corpus/docx/docx_enterprise_finance_policy_fields.docx,word,docx,private-source:cc57d21c1b126012,Microsoft Office Word,14.0000,office-native;footnotes;endnotes;media;customxml;track-changes;content-controls;fields,private-evaluation-only,extended,pass,,cc57d21c1b12601211d116247efb46569a1e19e75289b23e8d3d3aa47041fe1b,549374,parts=55; footnotes=1; endnotes=1; media=31; customXml=2; numbering=1; styles=1; sections=1; sdt=4; track_changes=397; fields=1364; private evaluation only; do not redistribute; private source redacted
docx_tax_planning_fields,corpus/docx/docx_tax_planning_fields.docx,word,docx,private-source:0bdb33f79f01f5c5,WPS Office_3.6.0.5672_F1E327BC-269C-435d-A152-05C5408002CA,not-declared,office-native;footers;media;customxml;track-changes;fields,private-evaluation-only,extended,pass,,0bdb33f79f01f5c55c6ae6bd8a5f9bfbca680b9a064497aa327e5f5434fe607e,838106,parts=18; footers=2; media=2; customXml=2; numbering=1; styles=1; sections=1; track_changes=434; fields=1040; private evaluation only; do not redistribute; private source redacted
docx_procurement_training_math,corpus/docx/docx_procurement_training_math.docx,word,docx,private-source:9fb00ad6fc61bdca,WPS Office_3.6.0.5672_F1E327BC-269C-435d-A152-05C5408002CA,not-declared,office-native;media;embedded-objects;customxml;track-changes;content-controls;fields;equations,private-evaluation-only,extended,pass,,9fb00ad6fc61bdcaf496dfb2b11f4a492655cace99c6dad4214fea463d1ad314,201166,parts=26; media=10; embeddings=2; customXml=2; numbering=1; styles=1; sections=1; sdt=4; track_changes=273; fields=1092; math=6; private evaluation only; do not redistribute; private source redacted
docx_budget_rules_embedded,corpus/docx/docx_budget_rules_embedded.docx,word,docx,private-source:8760bd433f92c187,WPS Office_3.6.0.5672_F1E327BC-269C-435d-A152-05C5408002CA,not-declared,office-native;many-sections;headers;footers;media;embedded-objects;customxml;track-changes;fields,private-evaluation-only,extended,pass,,8760bd433f92c18779dab9a333dbd40e26df318f5aefb1b6bfd5e25ddbb5d322,905066,parts=43; headers=3; footers=3; media=13; embeddings=11; customXml=2; numbering=1; styles=1; sections=19; track_changes=463; fields=576; private evaluation only; do not redistribute; private source redacted
docx_production_performance_track,corpus/docx/docx_production_performance_track.docx,word,docx,private-source:35e6ab42dfb00fc7,WPS Office_3.6.0.5672_F1E327BC-269C-435d-A152-05C5408002CA,not-declared,office-native;headers;footers;customxml;track-changes,private-evaluation-only,extended,pass,,35e6ab42dfb00fc7a69862fcbe6cb9216aa53d0766c7f2f59a5cfbb1129ebdf6,238126,parts=23; headers=4; footers=4; customXml=2; numbering=1; styles=1; sections=5; track_changes=860; private evaluation only; do not redistribute; private source redacted
docx_realestate_finance_policy,corpus/docx/docx_realestate_finance_policy.docx,word,docx,private-source:287a2d32a6819832,WPS Office_3.6.0.5672_F1E327BC-269C-435d-A152-05C5408002CA,not-declared,office-native;footers;media;customxml;track-changes;fields,private-evaluation-only,extended,pass,,287a2d32a681983282185c612cbff751c96b1751b4bbf2c655032b7ec800a95a,425111,parts=19; footers=1; media=3; customXml=2; numbering=1; styles=1; sections=2; track_changes=337; fields=476; private evaluation only; do not redistribute; private source redacted
docx_layout_meeting_arrangement,corpus/docx/docx_layout_meeting_arrangement.docx,word,docx,private-source:0869fa9a143ee2f8,Microsoft Office Word,15.0000,office-native;footers;footnotes;endnotes;media;customxml;track-changes;content-controls,private-evaluation-only,smoke,pass,,0869fa9a143ee2f8390861ee54f1957bc93812bb77502dc859cd0b05c944cf6c,77529,parts=35; footers=1; footnotes=1; endnotes=1; media=2; customXml=6; numbering=1; styles=1; sections=1; sdt=232; track_changes=6; private evaluation only; do not redistribute; private source redacted
docx_layout_business_proposal,corpus/docx/docx_layout_business_proposal.docx,word,docx,private-source:9cfedb48e437060d,Microsoft Office Word,15.0000,office-native;headers;footers;footnotes;endnotes;media;customxml;track-changes,private-evaluation-only,smoke,pass,,9cfedb48e437060d6e848b2825f72491beb3cd110773685bae442951c8c1e750,105025,parts=37; headers=2; footers=3; footnotes=1; endnotes=1; media=1; customXml=8; numbering=1; styles=1; sections=1; track_changes=2; private evaluation only; do not redistribute; private source redacted
docx_layout_financial_statement,corpus/docx/docx_layout_financial_statement.docx,word,docx,private-source:da2d2b2eada4ef1b,Microsoft Office Word,15.0000,office-native;footnotes;endnotes;media,private-evaluation-only,smoke,pass,,da2d2b2eada4ef1bd4c771d0e9d07d13386f415a5626fee2128f3804e221d321,664909,parts=16; footnotes=1; endnotes=1; media=2; styles=1; sections=1; private evaluation only; do not redistribute; private source redacted
docx_layout_market_analysis,corpus/docx/docx_layout_market_analysis.docx,word,docx,private-source:9f5e801a8288dbaa,Microsoft Office Word,15.0000,office-native;footnotes;endnotes;media;embedded-objects,private-evaluation-only,smoke,pass,,9f5e801a8288dbaaebe480411c7da4388471fb3c5ef5df1eb3abdd6ebf41455a,136040,parts=23; footnotes=1; endnotes=1; media=4; embeddings=1; charts=3; styles=1; sections=1; private evaluation only; do not redistribute; private source redacted
docx_layout_resume,corpus/docx/docx_layout_resume.docx,word,docx,private-source:57b4dc23cd1d156b,Microsoft Office Word,15.0000,office-native;footnotes;endnotes;media;customxml;content-controls,private-evaluation-only,nightly,pass,,57b4dc23cd1d156ba92ace072c797c952876795167828c16c008483a9091ceac,2801149,parts=37; footnotes=1; endnotes=1; media=4; customXml=6; numbering=1; styles=1; sections=1; sdt=124; private evaluation only; do not redistribute; private source redacted
docx_layout_service_product,corpus/docx/docx_layout_service_product.docx,word,docx,private-source:4bd384af9bd3b3e3,Microsoft Office Word,15.0000,office-native;footnotes;endnotes;media,private-evaluation-only,nightly,pass,,4bd384af9bd3b3e38474b0f3be05035993d5ccff803a9a97bf39a555380357e0,108889,parts=17; footnotes=1; endnotes=1; media=3; styles=1; sections=1; private evaluation only; do not redistribute; private source redacted
pptx_update_250715_charts,corpus/pptx/pptx_update_250715_charts.pptx,powerpoint,pptx,private-source:b9ad144b31b2327f,Microsoft Macintosh PowerPoint,16.0000,office-native;charts;media;embedded-workbooks;notes,private-evaluation-only,smoke,pass,,b9ad144b31b2327f4c0619221005ceaa00d00d37ae9782e411d1be85fc2e7b41,465398,parts=165; slides=15; layouts=8; masters=1; charts=27; media=2; embeddings=9; notes=15; private evaluation only; do not redistribute; private source redacted
pptx_update_260116_chart_pack,corpus/pptx/pptx_update_260116_chart_pack.pptx,powerpoint,pptx,private-source:bbfa3bb1a431f8c2,Microsoft Macintosh PowerPoint,16.0000,office-native;charts;embedded-workbooks,private-evaluation-only,smoke,pass,,bbfa3bb1a431f8c2e31ee7c897dd158aaf93cf3b4617b88cc8bbd94f7a427647,325777,parts=124; slides=10; layouts=9; masters=1; charts=36; embeddings=12; private evaluation only; do not redistribute; private source redacted
pptx_5w2h_analysis_training,corpus/pptx/pptx_5w2h_analysis_training.pptx,powerpoint,pptx,private-source:e134e143b1a9fbdf,WPS 演示,14.0000,office-native;media;notes;multi-master;many-layouts,private-evaluation-only,smoke,pass,,e134e143b1a9fbdf7f30357d7cc037b61ff18b8a2f4f109bc5f9df6f99fa5285,983709,parts=210; slides=27; layouts=24; masters=2; media=30; notes=26; private evaluation only; do not redistribute; private source redacted
pptx_brainstorm_training,corpus/pptx/pptx_brainstorm_training.pptx,powerpoint,pptx,private-source:6edf978e2ce79e79,WPS 演示,14.0000,office-native;media;notes,private-evaluation-only,smoke,pass,,6edf978e2ce79e79eea4d72fb7af0f85cc7a16189b3fbd9d4ec134432e5f7d89,818639,parts=150; slides=22; layouts=12; masters=1; media=21; notes=21; private evaluation only; do not redistribute; private source redacted
pptx_time_management_training,corpus/pptx/pptx_time_management_training.pptx,powerpoint,pptx,private-source:f173c2f938a4a0d2,WPS 演示,14.0000,office-native;diagrams;media;many-layouts,private-evaluation-only,nightly,pass,,f173c2f938a4a0d23856f02820e364c929f0356b1d631845996a3fd63b1d3b52,1799547,parts=151; slides=30; layouts=14; masters=1; diagrams=10; media=37; private evaluation only; do not redistribute; private source redacted
pptx_review_methodology_38slides,corpus/pptx/pptx_review_methodology_38slides.pptx,powerpoint,pptx,private-source:1b8802e359ca68b3,Microsoft Office PowerPoint,16.0000,office-native;charts;diagrams;media;embedded-workbooks;notes;many-layouts,private-evaluation-only,nightly,pass,,1b8802e359ca68b3422be0e63efd4c37b2106e5114782b2e948e4ee0f1a12a69,6888255,parts=266; slides=38; layouts=49; masters=1; charts=3; diagrams=5; media=22; embeddings=1; notes=16; private evaluation only; do not redistribute; private source redacted
pptx_work_plan_goal_management,corpus/pptx/pptx_work_plan_goal_management.pptx,powerpoint,pptx,private-source:1428e902a4c8f80e,Microsoft Office PowerPoint,16.0000,office-native;charts;diagrams;media;embedded-workbooks;notes,private-evaluation-only,nightly,pass,,1428e902a4c8f80e9615618f301c93d646a9cfbd00b1085e4c5c8ae24add00f3,2435393,parts=182; slides=29; layouts=11; masters=1; charts=1; diagrams=10; media=28; embeddings=1; notes=21; private evaluation only; do not redistribute; private source redacted
pptx_gtd_time_management_cases,corpus/pptx/pptx_gtd_time_management_cases.pptx,powerpoint,pptx,private-source:e5261e8801040377,Microsoft Office PowerPoint,16.0000,office-native;diagrams;media,private-evaluation-only,nightly,pass,,e5261e880104037720729efc2407b99e1d31183ddace19288371dd113b5ef923,4143776,parts=114; slides=26; layouts=11; masters=1; diagrams=5; media=20; private evaluation only; do not redistribute; private source redacted
pptx_effective_structured_thinking,corpus/pptx/pptx_effective_structured_thinking.pptx,powerpoint,pptx,private-source:f4fd2fdf4713712c,WPS 演示,14.0000,office-native;diagrams;media,private-evaluation-only,nightly,pass,,f4fd2fdf4713712cebdf391cb3ec056955b6855c77bc6c716e42b67c93cb95c2,2850942,parts=145; slides=34; layouts=10; masters=1; diagrams=5; media=22; private evaluation only; do not redistribute; private source redacted
pptx_six_management_models,corpus/pptx/pptx_six_management_models.pptx,powerpoint,pptx,private-source:5acde9b852b50fe0,Microsoft Office PowerPoint,16.0000,office-native;diagrams;media;notes,private-evaluation-only,nightly,pass,,5acde9b852b50fe0bba8eb06eba00ed53cb93db528154bf847086bf27ff6479d,597971,parts=89; slides=21; layouts=7; masters=1; diagrams=5; media=10; notes=1; private evaluation only; do not redistribute; private source redacted
pptx_pyramid_structured_thinking_51slides,corpus/pptx/pptx_pyramid_structured_thinking_51slides.pptx,powerpoint,pptx,private-source:22373ff7a630695e,Microsoft Office PowerPoint,16.0000,office-native;large-deck;media;embedded-workbooks;notes,private-evaluation-only,nightly,pass,,22373ff7a630695ebf4c15300754d735b87ec87d9c82023d9e03402990723071,2806884,parts=1027; slides=51; layouts=12; masters=1; media=11; embeddings=41; notes=26; private evaluation only; do not redistribute; private source redacted
pptx_section_logic_thinking,corpus/pptx/pptx_section_logic_thinking.pptx,powerpoint,pptx,private-source:4ec06141ab3f6269,Microsoft Macintosh PowerPoint,16.0000,office-native;media;notes,private-evaluation-only,nightly,pass,,4ec06141ab3f62696d4936eaf93eb180efcb198e8a6756d7281d8e4ff27a2669,3456168,parts=505; slides=28; layouts=10; masters=1; media=16; notes=2; private evaluation only; do not redistribute; private source redacted
pptx_update_251223_chart_pack,corpus/pptx/pptx_update_251223_chart_pack.pptx,powerpoint,pptx,private-source:86d7b5331731d18d,Microsoft Macintosh PowerPoint,16.0000,office-native;charts;embedded-workbooks,private-evaluation-only,nightly,pass,,86d7b5331731d18da0569c3c126268f85e4f9dfcfb4b460b7ffc448cec99e6af,390350,parts=131; slides=10; layouts=9; masters=1; charts=48; embeddings=16; private evaluation only; do not redistribute; private source redacted
pptx_update_250615_charts_media,corpus/pptx/pptx_update_250615_charts_media.pptx,powerpoint,pptx,private-source:5561749660733108,Microsoft Macintosh PowerPoint,16.0000,office-native;charts;media;embedded-workbooks;notes,private-evaluation-only,nightly,pass,,556174966073310849dd8954efa0bf76b60f9cb3b7af883efd121d02200cd39f,1340841,parts=165; slides=15; layouts=8; masters=1; charts=12; media=16; embeddings=4; notes=15; private evaluation only; do not redistribute; private source redacted
docx_marketing_strategy_charts,corpus/docx/docx_marketing_strategy_charts.docx,word,docx,private-source:2d7e84071851a51c,Microsoft Office Word,15.0000,office-native;footnotes;endnotes;media;charts;embedded-objects,private-evaluation-only,smoke,pass,,2d7e84071851a51cf4ee505207fb6d07ea79d013e21e62f5bc045ff64a287e2a,134233,parts=29; footnotes=1; endnotes=1; media=7; charts=2; embeddings=2; styles=1; sections=1; private evaluation only; do not redistribute; private source redacted
docx_competitive_analysis_charts,corpus/docx/docx_competitive_analysis_charts.docx,word,docx,private-source:b319f45e27aa33a4,Microsoft Office Word,15.0000,office-native;footnotes;endnotes;media;charts;embedded-objects,private-evaluation-only,smoke,pass,,b319f45e27aa33a43572f431c11fcb29cfba1a1261cf216bca86830074090dd8,115280,parts=23; footnotes=1; endnotes=1; media=1; charts=2; embeddings=2; styles=1; sections=1; private evaluation only; do not redistribute; private source redacted
docx_financing_plan_chart,corpus/docx/docx_financing_plan_chart.docx,word,docx,private-source:d3ba54118d4849c8,Microsoft Office Word,15.0000,office-native;footnotes;endnotes;media;charts;embedded-objects,private-evaluation-only,smoke,pass,,d3ba54118d4849c800248d8848202c2a09ea351f02a0003221e7b4295fd11976,113254,parts=19; footnotes=1; endnotes=1; media=1; charts=1; embeddings=1; styles=1; sections=1; private evaluation only; do not redistribute; private source redacted
docx_business_report_footer,corpus/docx/docx_business_report_footer.docx,word,docx,private-source:ea47b8ff72348dcb,Microsoft Office Word,15.0000,office-native;footers;footnotes;endnotes;customxml,private-evaluation-only,smoke,pass,,ea47b8ff72348dcbfe961d2336ab22445c016fec423f84452d1ede3250820528,42930,parts=30; footers=1; footnotes=1; endnotes=1; customXml=8; numbering=1; styles=1; sections=1; private evaluation only; do not redistribute; private source redacted
docx_layout16_footer_media,corpus/docx/docx_layout16_footer_media.docx,word,docx,private-source:9cdea9f63a1efca0,Microsoft Office Word,15.0000,office-native;footers;footnotes;endnotes;media;content-controls,private-evaluation-only,nightly,pass,,9cdea9f63a1efca01926dda5188073a0628c8055675e7b60aa5defda02922972,1101974,parts=24; footers=1; footnotes=1; endnotes=1; media=2; numbering=1; styles=1; sections=1; sdt=36; private evaluation only; do not redistribute; private source redacted
docx_layout20_header_footer,corpus/docx/docx_layout20_header_footer.docx,word,docx,private-source:a1d8d44dab88d969,Microsoft Office Word,15.0000,office-native;headers;footers;footnotes;endnotes;media,private-evaluation-only,nightly,pass,,a1d8d44dab88d969917b457be6c713ec78a19fe98f70f585a190285efbc4f25d,647301,parts=19; headers=1; footers=2; footnotes=1; endnotes=1; media=1; numbering=1; styles=1; sections=1; private evaluation only; do not redistribute; private source redacted
docx_founder_intro_media,corpus/docx/docx_founder_intro_media.docx,word,docx,private-source:61b71d325a908749,Microsoft Office Word,15.0000,office-native;footnotes;endnotes;media,private-evaluation-only,nightly,pass,,61b71d325a90874934c345fcf148ae614957b4c2afab0c023b2304f0c81fb165,3659112,parts=16; footnotes=1; endnotes=1; media=2; styles=1; sections=1; private evaluation only; do not redistribute; private source redacted
docx_table_of_contents_01,corpus/docx/docx_table_of_contents_01.docx,word,docx,private-source:b6aed3108da8febc,Microsoft Office Word,15.0000,office-native;footers;footnotes;endnotes;media,private-evaluation-only,nightly,pass,,b6aed3108da8febc9863e63a5146754f103bb12c44a376bb87554a47ba00a5d4,3265421,parts=21; footers=1; footnotes=1; endnotes=1; media=5; numbering=1; styles=1; sections=1; private evaluation only; do not redistribute; private source redacted
docx_project_intro_media,corpus/docx/docx_project_intro_media.docx,word,docx,private-source:e7674f3a67bf1002,Microsoft Office Word,15.0000,office-native;footnotes;endnotes;media,private-evaluation-only,nightly,pass,,e7674f3a67bf1002cbedfedf8ba4505a158090b60bb24e96e33b1b0335dbad7f,4370534,parts=16; footnotes=1; endnotes=1; media=2; styles=1; sections=1; private evaluation only; do not redistribute; private source redacted
docx_layout21_footer,corpus/docx/docx_layout21_footer.docx,word,docx,private-source:2f1eb180a7ab7f07,Microsoft Office Word,15.0000,office-native;footers;footnotes;endnotes,private-evaluation-only,nightly,pass,,2f1eb180a7ab7f07e2e9bd2d3e8b6b2170cc87902309ff341d983c960edab1f1,37904,parts=16; footers=1; footnotes=1; endnotes=1; numbering=1; styles=1; sections=1; private evaluation only; do not redistribute; private source redacted
docx_layout01_media,corpus/docx/docx_layout01_media.docx,word,docx,private-source:ee173dc236e34214,Microsoft Office Word,15.0000,office-native;footnotes;endnotes;media,private-evaluation-only,nightly,pass,,ee173dc236e342144be7a1020e1e51e7e278171a876b2f5fc413e526f6d0865e,3393035,parts=16; footnotes=1; endnotes=1; media=2; styles=1; sections=1; private evaluation only; do not redistribute; private source redacted
docx_layout10_footer_media,corpus/docx/docx_layout10_footer_media.docx,word,docx,private-source:9ebf1c1607bc23c7,Microsoft Office Word,15.0000,office-native;footers;footnotes;endnotes;media;track-changes,private-evaluation-only,nightly,pass,,9ebf1c1607bc23c75233af7cc64217bc03487bdffbb3d91975828036c1f398d8,3110590,parts=18; footers=1; footnotes=1; endnotes=1; media=2; numbering=1; styles=1; sections=1; track_changes=2; private evaluation only; do not redistribute; private source redacted
docx_development_history,corpus/docx/docx_development_history.docx,word,docx,private-source:5e9ae4dab5281282,Microsoft Office Word,15.0000,office-native;footnotes;endnotes,private-evaluation-only,nightly,pass,,5e9ae4dab52812824399a7e329635ef64a5919ef82d9d55d15967f3e4b03aeab,145425,parts=14; footnotes=1; endnotes=1; styles=1; sections=1; private evaluation only; do not redistribute; private source redacted
docx_layout06_footer_media,corpus/docx/docx_layout06_footer_media.docx,word,docx,private-source:f83923128727c6d5,Microsoft Office Word,15.0000,office-native;footers;footnotes;endnotes;media;content-controls,private-evaluation-only,nightly,pass,,f83923128727c6d538a81cdf7f5966eab941fd6dd4ff2ecb23de7d249c05573e,2199079,parts=22; footers=1; footnotes=1; endnotes=1; media=1; styles=1; sections=1; sdt=52; private evaluation only; do not redistribute; private source redacted
docx_layout07_footer_media,corpus/docx/docx_layout07_footer_media.docx,word,docx,private-source:22a5009d688321c7,Microsoft Office Word,15.0000,office-native;footers;footnotes;endnotes;media,private-evaluation-only,nightly,pass,,22a5009d688321c7b8a97711d95766d28a63cce117dc3857065bd20e23af71e3,2394901,parts=19; footers=1; footnotes=1; endnotes=1; media=4; styles=1; sections=1; private evaluation only; do not redistribute; private source redacted
docx_layout11_footer_media,corpus/docx/docx_layout11_footer_media.docx,word,docx,private-source:55d39cb13751bacf,Microsoft Office Word,15.0000,office-native;footers;footnotes;endnotes;media;content-controls,private-evaluation-only,nightly,pass,,55d39cb13751bacf2a6c2b91772522787155e30da43fa1593b3cf1cb61936bf8,420643,parts=23; footers=1; footnotes=1; endnotes=1; media=1; numbering=1; styles=1; sections=1; sdt=52; private evaluation only; do not redistribute; private source redacted
docx_travel_record_media,corpus/docx/docx_travel_record_media.docx,word,docx,private-source:ab88b50e6dd59229,Microsoft Office Word,15.0000,office-native;footnotes;endnotes;media;customxml;content-controls;track-changes,private-evaluation-only,nightly,pass,,ab88b50e6dd59229dd39379eb18df4f657505b475b435c6fcb07c76f33c8194b,1133203,parts=41; footnotes=1; endnotes=1; media=5; customXml=8; numbering=1; styles=1; sections=1; sdt=64; track_changes=2; private evaluation only; do not redistribute; private source redacted
docx_meeting_record,corpus/docx/docx_meeting_record.docx,word,docx,private-source:b061bf4886771b2a,Microsoft Office Word,15.0000,office-native;footnotes;endnotes;customxml;content-controls,private-evaluation-only,nightly,pass,,b061bf4886771b2ae78833414deb20d094dba546682001919f7d61b4abc49034,56803,parts=30; footnotes=1; endnotes=1; customXml=6; styles=1; sections=1; sdt=108; private evaluation only; do not redistribute; private source redacted
pptm_act_props_vba_media,corpus/pptx/pptm_act_props_vba_media.pptm,powerpoint,pptm,private-source:14af8bc6fa9ed94f,Microsoft Macintosh PowerPoint,16.0016,office-native;macro-enabled;vba;media;embedded-workbooks;synthetic-macro-preservation,private-evaluation-only,smoke,pass,,14af8bc6fa9ed94fbc895d8744993c682d29b028d232d2a25c29ddfe668682f5,982098,"parts=32; existing local pptm fixture with vbaProject.bin, media, and embedded workbook; private evaluation only; do not redistribute; private source redacted"
pptm_sales_flow_vba_embedding,corpus/pptx/pptm_sales_flow_vba_embedding.pptm,powerpoint,pptm,private-source:ce848f82068f7d54,Microsoft Office PowerPoint,14.0000,office-native;macro-enabled;vba;charts;diagrams;media;embedded-workbooks;synthetic-macro-preservation,private-evaluation-only,smoke,pass,,ce848f82068f7d543a8c1b1c0c958ed3d770b94b9f95aed618ddd931fad0c147,1418014,parts=277; pptx source converted to macro-enabled package for preservation gate; private evaluation only; do not redistribute; private source redacted
pptm_chart_pack_vba,corpus/pptx/pptm_chart_pack_vba.pptm,powerpoint,pptm,private-source:fa4142e0127d1d5f,Microsoft Macintosh PowerPoint,16.0000,office-native;macro-enabled;vba;charts;embedded-workbooks;synthetic-macro-preservation,private-evaluation-only,nightly,pass,,fa4142e0127d1d5fb893c267eb08bd47e74809a8a629ac669ac8880fc0fddae8,341589,parts=132; chart-heavy pptx source converted to macro-enabled package for preservation gate; private evaluation only; do not redistribute; private source redacted
pptm_training_vba_media,corpus/pptx/pptm_training_vba_media.pptm,powerpoint,pptm,private-source:8606fc5638cf721b,WPS 演示,14.0000,office-native;macro-enabled;vba;media;notes;multi-master;many-layouts;synthetic-macro-preservation,private-evaluation-only,nightly,pass,,8606fc5638cf721ba78dac7f714666c92567f5da3377524ccd68c898ab06d99e,958929,parts=211; multi-layout pptx source converted to macro-enabled package for preservation gate; private evaluation only; do not redistribute; private source redacted
docm_business_report_vba_customxml,corpus/docx/docm_business_report_vba_customxml.docm,word,docm,private-source:ce09805e3d8e799a,Microsoft Office Word,15.0000,office-native;macro-enabled;vba;customxml;footers;footnotes;endnotes;synthetic-macro-preservation,private-evaluation-only,smoke,pass,,ce09805e3d8e799ad2bb8704dbc18f1aceb276c63a4e6b01a6aa5391e1c47424,39937,parts=31; docx source converted to macro-enabled package for preservation gate; private evaluation only; do not redistribute; private source redacted
docm_marketing_strategy_vba_charts,corpus/docx/docm_marketing_strategy_vba_charts.docm,word,docm,private-source:0c8b53d4e53a500d,Microsoft Office Word,15.0000,office-native;macro-enabled;vba;charts;embedded-objects;media;synthetic-macro-preservation,private-evaluation-only,smoke,pass,,0c8b53d4e53a500dabc6952bfcb985f1a8a82b37c3983c6c53046b3a88a4a1b2,123265,parts=30; chart docx source converted to macro-enabled package for preservation gate; private evaluation only; do not redistribute; private source redacted
docm_layout16_vba_content_controls,corpus/docx/docm_layout16_vba_content_controls.docm,word,docm,private-source:003a706e63a1e432,Microsoft Office Word,15.0000,office-native;macro-enabled;vba;content-controls;footers;media;synthetic-macro-preservation,private-evaluation-only,nightly,pass,,003a706e63a1e4325b6c527399c6bc6e66e4b30fc0aa7b813599abfb2b06c0c3,1099825,parts=25; content-control docx source converted to macro-enabled package for preservation gate; private evaluation only; do not redistribute; private source redacted
docm_travel_record_vba_customxml,corpus/docx/docm_travel_record_vba_customxml.docm,word,docm,private-source:4dd0b3c22431044c,Microsoft Office Word,15.0000,office-native;macro-enabled;vba;customxml;content-controls;track-changes;media;synthetic-macro-preservation,private-evaluation-only,nightly,pass,,4dd0b3c22431044c1f217e8cbe9722e560f7e8d872ad2e3b540dc65ce0b20d9a,1109408,parts=42; customXml docx source converted to macro-enabled package for preservation gate; private evaluation only; do not redistribute; private source redacted
pptx_p5_chartex_01,corpus/pptx/pptx_p5_chartex_01.pptx,powerpoint,pptx,private-source:d9c1c1934e1c8052,Microsoft Macintosh PowerPoint,16.0000,office-native;charts;chartex;diagrams;media;embedded-objects;embedded-workbooks;notes;transitions;large-deck;multi-master;many-layouts,private-evaluation-only,extended,pass,,d9c1c1934e1c8052258ebae5b24d513a0d2d3440ae5398f8c7185c3aeba5a171,24335483,score=152; parts=1495; slides=180; layouts=36; masters=2; charts=446; chartex=3; diagrams=5; media=123; embeddings=113; notes=20; track_changes=1064; transitions=4; phase5 batch1; private evaluation only; do not redistribute; private source redacted
pptx_p5_animations_01,corpus/pptx/pptx_p5_animations_01.pptx,powerpoint,pptx,private-source:374e2408ffbec1a8,Microsoft Macintosh PowerPoint,16.0000,office-native;charts;media;embedded-objects;embedded-workbooks;notes;transitions;animations;large-deck;multi-master;many-layouts,private-evaluation-only,extended,pass,,374e2408ffbec1a8cf5b4409d283017605e2695c178998768f9152b64eb83148,17177884,score=142; parts=683; slides=113; layouts=18; masters=2; charts=184; media=144; embeddings=49; notes=10; track_changes=1164; transitions=8; animations=1; phase5 batch1; private evaluation only; do not redistribute; private source redacted
pptx_p5_animations_02,corpus/pptx/pptx_p5_animations_02.pptx,powerpoint,pptx,private-source:d1fe9285a6dfefed,Microsoft Office PowerPoint,15.0000,office-native;diagrams;media;embedded-objects;embedded-workbooks;notes;transitions;animations;large-deck;multi-master;many-layouts,private-evaluation-only,stress,pass,,d1fe9285a6dfefedf862fa3a6fa361575656b785320cbbfd4447a606a9b697cf,69481429,score=137; parts=677; slides=173; layouts=24; masters=2; diagrams=15; media=231; embeddings=4; notes=34; track_changes=10; transitions=24; animations=43; phase5 batch1; private evaluation only; do not redistribute; private source redacted
pptx_p5_animations_03,corpus/pptx/pptx_p5_animations_03.pptx,powerpoint,pptx,private-source:30dbe65bdb8fe726,Microsoft Office PowerPoint,16.0000,office-native;media;embedded-objects;embedded-workbooks;notes;transitions;animations;large-deck;multi-master;many-layouts,private-evaluation-only,extended,pass,,30dbe65bdb8fe7269813cfdc55510d27882efb6ef0dfeb6bdad9e6aba87bb870,1961842,score=129; parts=690; slides=89; layouts=330; masters=30; media=52; embeddings=21; notes=12; track_changes=932; transitions=116; animations=14; phase5 batch1; private evaluation only; do not redistribute; private source redacted
pptx_p5_animations_04,corpus/pptx/pptx_p5_animations_04.pptx,powerpoint,pptx,private-source:bcc353258481b715,Microsoft Office PowerPoint,16.0000,office-native;charts;diagrams;media;embedded-objects;embedded-workbooks;notes;transitions;animations;large-deck;multi-master;many-layouts,private-evaluation-only,extended,pass,,bcc353258481b71595eaeb3fa59065dd23fd2c9447ad4dfe4c17b3d187c5c968,480124,score=125; parts=369; slides=121; layouts=34; masters=2; charts=2; diagrams=15; media=8; embeddings=2; notes=46; track_changes=10; transitions=41; animations=32; phase5 batch1; private evaluation only; do not redistribute; private source redacted
pptx_p5_transitions_01,corpus/pptx/pptx_p5_transitions_01.pptx,powerpoint,pptx,private-source:3f0151bf5600d1d6,Microsoft Macintosh PowerPoint,16.0000,office-native;charts;media;embedded-objects;embedded-workbooks;notes;transitions;large-deck;multi-master;many-layouts,private-evaluation-only,stress,pass,,3f0151bf5600d1d63fd3a53db353fa5acf176b4329911a625046c22be7d99aa6,24584637,score=123; parts=2474; slides=409; layouts=18; masters=2; charts=784; media=210; embeddings=206; notes=320; track_changes=1931; transitions=14; phase5 batch1; private evaluation only; do not redistribute; private source redacted
pptx_p5_animations_05,corpus/pptx/pptx_p5_animations_05.pptx,powerpoint,pptx,private-source:4e3ee7367c438c1b,Microsoft Macintosh PowerPoint,16.0000,office-native;charts;media;embedded-objects;embedded-workbooks;notes;animations;large-deck;multi-master;many-layouts,private-evaluation-only,extended,pass,,4e3ee7367c438c1b948260f96cfbb038a290857f9cdf8992ca2e3d3f2a926c05,20400288,score=121; parts=1432; slides=136; layouts=38; masters=2; charts=616; media=186; embeddings=154; notes=92; track_changes=2205; animations=2; phase5 batch1; private evaluation only; do not redistribute; private source redacted
pptx_p5_animations_06,corpus/pptx/pptx_p5_animations_06.pptx,powerpoint,pptx,private-source:42f1f183135f1c3e,Microsoft Office PowerPoint,16.0000,office-native;media;notes;transitions;animations;multi-master,private-evaluation-only,extended,pass,,42f1f183135f1c3e3c14eb96d9cc01486aabd0ed85cb58168f7aca074be43e71,26811505,score=113; parts=388; slides=55; layouts=6; masters=2; media=81; notes=110; track_changes=466; transitions=97; animations=57; phase5 batch1; private evaluation only; do not redistribute; private source redacted
pptx_p5_animations_07,corpus/pptx/pptx_p5_animations_07.pptx,powerpoint,pptx,private-source:8657418114bc1081,Microsoft Office PowerPoint,15.0000,office-native;media;notes;transitions;animations;multi-master;many-layouts,private-evaluation-only,nightly,pass,,8657418114bc1081e0ed9c23b8b7afed36d6bf96abe730dfe42bbfa95833b086,8583547,score=111; parts=221; slides=38; layouts=26; masters=2; media=27; notes=76; transitions=104; animations=49; phase5 batch1; private evaluation only; do not redistribute; private source redacted
pptx_p5_animations_08,corpus/pptx/pptx_p5_animations_08.pptx,powerpoint,pptx,private-source:b84f9585ccf600fa,Microsoft Office PowerPoint,16.0000,office-native;media;embedded-objects;embedded-workbooks;transitions;animations;large-deck;multi-master;many-layouts,private-evaluation-only,extended,pass,,b84f9585ccf600fa905f7492c3e0218f8d3abd9826a192e2da220feb53ab9da9,2045607,score=109; parts=754; slides=114; layouts=352; masters=32; media=59; embeddings=18; track_changes=158; transitions=178; animations=3; phase5 batch1; private evaluation only; do not redistribute; private source redacted
pptx_p5_animations_09,corpus/pptx/pptx_p5_animations_09.pptx,powerpoint,pptx,private-source:6c37aea67da150c0,Microsoft Office PowerPoint,16.0000,office-native;diagrams;media;notes;transitions;animations;multi-master;many-layouts,private-evaluation-only,nightly,pass,,6c37aea67da150c018f5b3367577cfe571b3b8fba7713c61320a8a3aa7c44104,5976297,score=108; parts=244; slides=52; layouts=16; masters=2; diagrams=20; media=82; notes=6; track_changes=29; transitions=66; animations=18; phase5 batch1; private evaluation only; do not redistribute; private source redacted
pptx_p5_transitions_02,corpus/pptx/pptx_p5_transitions_02.pptx,powerpoint,pptx,private-source:b9d32c9042156b98,Microsoft Macintosh PowerPoint,16.0000,office-native;charts;media;embedded-objects;embedded-workbooks;notes;transitions;large-deck;multi-master,private-evaluation-only,stress,pass,,b9d32c9042156b98ddf793068149b3ebdb469ab623ee1902845ab338ea3945db,13242726,score=105; parts=3379; slides=304; layouts=10; masters=2; charts=2; media=158; embeddings=1; notes=80; track_changes=1649; transitions=20; phase5 batch1; private evaluation only; do not redistribute; private source redacted
pptx_p5_animations_10,corpus/pptx/pptx_p5_animations_10.pptx,powerpoint,pptx,private-source:8d93f4d3e522a1aa,WPS 演示,14.0000,office-native;charts;media;embedded-objects;embedded-workbooks;notes;transitions;animations;multi-master;many-layouts,private-evaluation-only,stress,pass,,8d93f4d3e522a1aa5769c4b8c20d830279307c4a489efa474a721f28d0a1b79b,49054368,score=105; parts=261; slides=42; layouts=32; masters=2; charts=8; media=23; embeddings=4; notes=84; track_changes=1429; transitions=118; animations=42; phase5 batch1; private evaluation only; do not redistribute; private source redacted
pptx_p5_animations_11,corpus/pptx/pptx_p5_animations_11.pptx,powerpoint,pptx,private-source:1771ba7cb2cd1b91,Microsoft Office PowerPoint,16.0000,office-native;media;notes;transitions;animations;large-deck;multi-master;many-layouts,private-evaluation-only,extended,pass,,1771ba7cb2cd1b9104206bc4f5c2f5f984389b461ef924d04347096cba4bb628,10395173,score=104; parts=433; slides=84; layouts=22; masters=2; media=58; notes=168; track_changes=1; transitions=96; animations=82; phase5 batch1; private evaluation only; do not redistribute; private source redacted
pptx_p5_animations_12,corpus/pptx/pptx_p5_animations_12.pptx,powerpoint,pptx,private-source:4b42dfcb0d5f1300,Microsoft Office PowerPoint,16.0000,office-native;media;transitions;animations;multi-master;many-layouts,private-evaluation-only,nightly,pass,,4b42dfcb0d5f13006611515ea8b9c4758c7f7b0f907c7d4797347034a2f44842,8514115,score=101; parts=211; slides=51; layouts=32; masters=2; media=58; track_changes=6; transitions=100; animations=61; phase5 batch1; private evaluation only; do not redistribute; private source redacted
pptx_p5_animations_13,corpus/pptx/pptx_p5_animations_13.pptx,powerpoint,pptx,private-source:28ebe47761881a3a,Microsoft Macintosh PowerPoint,16.0000,office-native;charts;media;embedded-objects;embedded-workbooks;transitions;animations;multi-master;many-layouts,private-evaluation-only,nightly,pass,,28ebe47761881a3a296556b4da7445d73fcf61fd47e7b6f94986120d82cb886e,1977006,score=100; parts=226; slides=37; layouts=58; masters=4; charts=60; media=4; embeddings=11; track_changes=58; transitions=4; animations=1; phase5 batch1; private evaluation only; do not redistribute; private source redacted
pptx_p5_animations_14,corpus/pptx/pptx_p5_animations_14.pptx,powerpoint,pptx,private-source:75fcfb8c308c1648,Microsoft Office PowerPoint,16.0000,office-native;diagrams;media;embedded-objects;embedded-workbooks;notes;transitions;animations;multi-master;many-layouts,private-evaluation-only,nightly,pass,,75fcfb8c308c1648aac87a36694d03568865631855f9cc60eea92cee77247d93,9069275,score=99; parts=142; slides=19; layouts=30; masters=2; diagrams=22; media=15; embeddings=1; notes=10; track_changes=23; transitions=58; animations=18; phase5 batch1; private evaluation only; do not redistribute; private source redacted
pptx_p5_animations_15,corpus/pptx/pptx_p5_animations_15.pptx,powerpoint,pptx,private-source:7ba81a43bac20a89,Microsoft Office PowerPoint,16.0000,office-native;media;transitions;animations;multi-master,private-evaluation-only,nightly,pass,,7ba81a43bac20a8907264e9dcc001d91314eb5480504069e0688a0ceac4da952,12569986,score=99; parts=160; slides=22; layouts=10; masters=2; media=20; track_changes=521; transitions=56; animations=19; phase5 batch1; private evaluation only; do not redistribute; private source redacted
pptx_p5_transitions_03,corpus/pptx/pptx_p5_transitions_03.pptx,powerpoint,pptx,private-source:6d92d74a88afeece,WPS 演示,14.0000,office-native;charts;diagrams;media;embedded-objects;embedded-workbooks;equations;notes;transitions;large-deck;multi-master;many-layouts,private-evaluation-only,extended,pass,,6d92d74a88afeece98404ec706e77267885e53e8ca38c67890362202dcd6a0e1,5435583,score=98; parts=333; slides=112; layouts=22; masters=2; charts=16; diagrams=20; media=16; embeddings=5; notes=8; track_changes=1; equations=3; transitions=224; phase5 batch1; private evaluation only; do not redistribute; private source redacted
pptx_p5_animations_16,corpus/pptx/pptx_p5_animations_16.pptx,powerpoint,pptx,private-source:8ce55cb761103459,Microsoft Macintosh PowerPoint,16.0000,office-native;charts;embedded-objects;embedded-workbooks;transitions;animations;multi-master;many-layouts,private-evaluation-only,nightly,pass,,8ce55cb7611034594d157a8642974b0e1487c8de27a80d3a600d45353cceeba5,142594,score=97; parts=76; slides=4; layouts=34; masters=2; charts=16; embeddings=5; track_changes=29; transitions=2; animations=2; phase5 batch1; private evaluation only; do not redistribute; private source redacted
pptx_p5_multi_master_01,corpus/pptx/pptx_p5_multi_master_01.pptx,powerpoint,pptx,private-source:19105f283c4c3f20,Microsoft Macintosh PowerPoint,16.0000,office-native;charts;media;embedded-objects;embedded-workbooks;notes;large-deck;multi-master;many-layouts,private-evaluation-only,stress,pass,,19105f283c4c3f202da8d833bb19cd5f9af84a5effc60b34680237f7ca4920a1,22960576,score=94; parts=2071; slides=207; layouts=34; masters=2; charts=834; media=204; embeddings=209; notes=92; track_changes=2807; phase5 batch1; private evaluation only; do not redistribute; private source redacted
pptx_p5_animations_18,corpus/pptx/pptx_p5_animations_18.pptx,powerpoint,pptx,private-source:e79da7d06bb2be6a,Microsoft Office PowerPoint,12.0000,office-native;media;transitions;animations;large-deck;multi-master;many-layouts,private-evaluation-only,extended,pass,,e79da7d06bb2be6aa3f4fc5d23c5f905362725d567282656053debf90946d69c,2456057,score=91; parts=426; slides=160; layouts=70; masters=6; media=13; track_changes=1164; transitions=176; animations=160; phase5 batch1; private evaluation only; do not redistribute; private source redacted
pptx_p5_animations_19,corpus/pptx/pptx_p5_animations_19.pptx,powerpoint,pptx,private-source:c007fabb523cae7d,Microsoft Office PowerPoint,12.0000,office-native;media;embedded-objects;embedded-workbooks;transitions;animations;multi-master;many-layouts,private-evaluation-only,nightly,pass,,c007fabb523cae7d0c36bde7374206e79dc81649ebb3513deeb831eee96a32b6,641092,score=88; parts=77; slides=13; layouts=22; masters=2; media=7; embeddings=1; track_changes=3; transitions=2; animations=21; phase5 batch1; private evaluation only; do not redistribute; private source redacted
pptx_p5_transitions_04,corpus/pptx/pptx_p5_transitions_04.pptx,powerpoint,pptx,private-source:1e09e19872bd7831,Microsoft Office PowerPoint,16.0000,office-native;charts;media;embedded-objects;embedded-workbooks;notes;transitions;multi-master;many-layouts,private-evaluation-only,nightly,pass,,1e09e19872bd78315fe9cf1101f5a0f5c5f96242f4651add490c6e4ff0a473fe,14715538,score=86; parts=373; slides=69; layouts=16; masters=2; charts=94; media=46; embeddings=24; notes=38; track_changes=261; transitions=33; phase5 batch1; private evaluation only; do not redistribute; private source redacted
docx_p5_track_changes_01,corpus/docx/docx_p5_track_changes_01.docx,word,docx,private-source:e4508816c7f85e4f,Microsoft Office Word,14.0000,office-native;media;footnotes;endnotes;content-controls;track-changes;hyperlinks,private-evaluation-only,nightly,pass,,e4508816c7f85e4f98992f0bcfc18a4f3d5089946888e27c7daa272e3dd64c5c,251421,score=54; parts=40; media=24; footnotes=1; endnotes=1; sdt=1; track_changes=4; phase5 batch1; private evaluation only; do not redistribute; private source redacted
docx_p5_customxml_01,corpus/docx/docx_p5_customxml_01.docx,word,docx,private-source:ef1d65d883515065,Microsoft Office Word,14.0000,office-native;charts;embedded-objects;embedded-workbooks;footers;footnotes;endnotes;customxml;fields;hyperlinks,private-evaluation-only,nightly,pass,,ef1d65d883515065f2fda54c182a4378b52e5c5dddef18aad4df38905241dea5,62110,score=49; parts=26; charts=2; embeddings=1; footers=1; footnotes=1; endnotes=1; customXml=6; fields=1; phase5 batch1; private evaluation only; do not redistribute; private source redacted
docx_p5_fields_01,corpus/docx/docx_p5_fields_01.docx,word,docx,private-source:908f15ee680b90fb,Microsoft Office Word,16.0000,office-native;media;fields;hyperlinks,private-evaluation-only,nightly,pass,,908f15ee680b90fb41ffe32136e9deec2434654293c1cb6e894f25c6d76914b4,69398,score=49; parts=27; media=15; fields=1; phase5 batch1; private evaluation only; do not redistribute; private source redacted
docx_p5_hyperlinks_01,corpus/docx/docx_p5_hyperlinks_01.docx,word,docx,private-source:294e8482ac589110,Microsoft Office Word,15.0000,office-native;media;hyperlinks,private-evaluation-only,nightly,pass,,294e8482ac589110a3ee90224a46d8826549518370205bdfb203d456bb6176f4,108115,score=48; parts=41; media=28; phase5 batch1; private evaluation only; do not redistribute; private source redacted
docx_p5_track_changes_02,corpus/docx/docx_p5_track_changes_02.docx,word,docx,private-source:4a5052ff02da0fed,Microsoft Office Word,15.0000,office-native;footers;footnotes;endnotes;content-controls;track-changes;fields;hyperlinks,private-evaluation-only,nightly,pass,,4a5052ff02da0feda2cd6c91de6e1fb2cabf377a6aadfb159ca20d069b783817,120787,score=44; parts=15; footers=1; footnotes=1; endnotes=1; sdt=1; track_changes=17; fields=1; phase5 batch1; private evaluation only; do not redistribute; private source redacted
docx_p5_content_controls_01,corpus/docx/docx_p5_content_controls_01.docx,word,docx,private-source:62bf20c3a42c7d86,Microsoft Office Word,12.0000,office-native;footers;footnotes;endnotes;customxml;content-controls;fields;hyperlinks,private-evaluation-only,nightly,pass,,62bf20c3a42c7d8643e4786775e67b8c68b1639e7bf2ecc61c9bfbebbc3499dd,27133,score=42; parts=17; footers=1; footnotes=1; endnotes=1; customXml=3; sdt=2; fields=25; phase5 batch1; private evaluation only; do not redistribute; private source redacted
docx_p5_customxml_02,corpus/docx/docx_p5_customxml_02.docx,word,docx,private-source:1aac74506bf5d82a,Microsoft Office Word,16.0000,office-native;media;headers;footers;footnotes;endnotes;customxml;hyperlinks,private-evaluation-only,nightly,pass,,1aac74506bf5d82aaeb964320e7c5727d33e45c309dc94112b47d1cf7077ee49,53009,score=42; parts=25; media=1; headers=3; footers=3; footnotes=1; endnotes=1; customXml=3; phase5 batch1; private evaluation only; do not redistribute; private source redacted
docx_p5_fields_02,corpus/docx/docx_p5_fields_02.docx,word,docx,private-source:06a239a70e9ec462,Microsoft Office Word,14.0000,office-native;media;footers;footnotes;endnotes;fields;hyperlinks,private-evaluation-only,nightly,pass,,06a239a70e9ec462f6c5675ad9ac8634f8270baf9c75dc15d3ded5032ea54405,673033,score=41; parts=21; media=4; footers=1; footnotes=1; endnotes=1; fields=23; phase5 batch1; private evaluation only; do not redistribute; private source redacted
docx_p5_embedded_objects_01,corpus/docx/docx_p5_embedded_objects_01.docx,word,docx,private-source:23ccff4d48ca3e8e,Microsoft Office Word,16.0000,office-native;media;embedded-objects;embedded-workbooks;headers;footnotes;endnotes,private-evaluation-only,nightly,pass,,23ccff4d48ca3e8ec241aa3522783330e3a780c422e506125154cf2c07187e46,91161,score=39; parts=17; media=1; embeddings=1; headers=1; footnotes=1; endnotes=1; phase5 batch1; private evaluation only; do not redistribute; private source redacted
docx_p5_large_docx_01,corpus/docx/docx_p5_large_docx_01.docx,word,docx,private-source:3f8260186386ea13,WPS Office_3.6.0.5672_F1E327BC-269C-435d-A152-05C5408002CA,not-declared,office-native;media;headers;footers;customxml;track-changes;fields;large-docx,private-evaluation-only,nightly,pass,,3f8260186386ea13ddea347dd63cb0de69b30b64a89ef81bb06bb57fbd014b9e,2850822,score=35; parts=146; media=103; headers=12; footers=16; customXml=3; track_changes=5170; fields=177; phase5 batch1; private evaluation only; do not redistribute; private source redacted
docx_p5_fields_03,corpus/docx/docx_p5_fields_03.docx,word,docx,private-source:2cc05c9a51c0548d,Microsoft Office Word,16.0000,office-native;media;headers;footnotes;endnotes;fields,private-evaluation-only,nightly,pass,,2cc05c9a51c0548d599282ba113b241326927368ad725eb1d1ffa9f182c882df,235473,score=31; parts=17; media=1; headers=1; footnotes=1; endnotes=1; fields=1; phase5 batch1; private evaluation only; do not redistribute; private source redacted
docx_p5_track_changes_03,corpus/docx/docx_p5_track_changes_03.docx,word,docx,private-source:6e381b794593e171,Microsoft Office Word,16.0000,office-native;media;headers;footers;footnotes;endnotes;customxml;content-controls;track-changes;fields,private-evaluation-only,nightly,pass,,6e381b794593e171e713df04b8b454649431f8d3ade05440cb055b1a173f1673,429210,score=29; parts=31; media=2; headers=1; footers=1; footnotes=1; endnotes=1; customXml=6; sdt=5; track_changes=1; fields=4; phase5 batch1; private evaluation only; do not redistribute; private source redacted
docx_p5_content_controls_02,corpus/docx/docx_p5_content_controls_02.docx,word,docx,private-source:05959b89b7bb9c07,Microsoft Office Word,14.0000,office-native;equations;footers;footnotes;endnotes;customxml;content-controls;fields,private-evaluation-only,nightly,pass,,05959b89b7bb9c072ee33f7f68816424b498536ecc2e15b42d18dac637f72aa4,30175,score=24; parts=19; footers=1; footnotes=1; endnotes=1; customXml=3; sdt=1; fields=1; equations=1; phase5 batch1; private evaluation only; do not redistribute; private source redacted
docx_p5_content_controls_03,corpus/docx/docx_p5_content_controls_03.docx,word,docx,private-source:71872add1e7d8e02,WPS Office_11.1.0.8976_F1E327BC-269C-435d-A152-05C5408002CA,not-declared,office-native;media;embedded-objects;embedded-workbooks;headers;footers;customxml;content-controls;fields,private-evaluation-only,nightly,pass,,71872add1e7d8e02602efb7c57f8125274b1fae9b075154d2a9d10b089b1decf,223902,score=24; parts=29; media=1; embeddings=1; headers=2; footers=2; customXml=6; sdt=42; fields=51; phase5 batch1; private evaluation only; do not redistribute; private source redacted
docx_p5_customxml_03,corpus/docx/docx_p5_customxml_03.docx,word,docx,private-source:88b7a6efa0174bf5,WPS Office_3.6.0.5672_F1E327BC-269C-435d-A152-05C5408002CA,not-declared,office-native;media;embedded-objects;embedded-workbooks;headers;footers;customxml;fields,private-evaluation-only,nightly,pass,,88b7a6efa0174bf51c76116cc878b84aed8d2f0964141cb1e402ce5541931d07,106072,score=23; parts=19; media=1; embeddings=1; headers=1; footers=1; customXml=3; fields=2; phase5 batch1; private evaluation only; do not redistribute; private source redacted
pptx_p5_transitions_05,corpus/pptx/pptx_p5_transitions_05.pptx,powerpoint,pptx,private-source:c1804f1194872e0a,Microsoft Macintosh PowerPoint,16.0000,office-native;charts;media;embedded-objects;embedded-workbooks;notes;transitions;large-deck;multi-master;many-layouts,private-evaluation-only,stress,pass,,c1804f1194872e0aea39b1a93fa49538c60a922b2dd7a4308246bb620f4037d0,13298203,score=112; parts=3443; slides=304; layouts=40; masters=4; charts=2; media=158; embeddings=1; notes=80; transitions=18; phase5 batch1; private evaluation only; do not redistribute; private source redacted
pptx_finance_chartex_transitions,corpus/pptx/pptx_finance_chartex_transitions.pptx,powerpoint,pptx,private-source:e892a147cfb43f23,Microsoft Macintosh PowerPoint,16.0000,office-native;charts;chartex;diagrams;media;embedded-objects;embedded-workbooks;notes;transitions;large-deck;multi-master;many-layouts,private-evaluation-only,extended,pass,,e892a147cfb43f23f31118a16bade57887473a5500923ca02d41d4e38a1c3b1e,24158976,parts=1477; slides=180; layouts=20; masters=2; charts=446; chartex=3; diagrams=5; media=121; embeddings=113; notes=20; tables=22; track_changes=1064; transitions=4; private evaluation only; do not redistribute; private source redacted
pptx_report_orange_200slides,corpus/pptx/pptx_report_orange_200slides.pptx,powerpoint,pptx,private-source:4aa5b9dc7b9bc07f,Microsoft Macintosh PowerPoint,16.0000,office-native;charts;media;embedded-objects;embedded-workbooks;notes;large-deck;multi-master;many-layouts,private-evaluation-only,stress,pass,,4aa5b9dc7b9bc07f61d94d6058996566a502b60b317a27de937cf008dfd767e3,22969668,parts=2071; slides=207; layouts=34; masters=2; charts=834; media=204; embeddings=209; notes=92; tables=25; track_changes=2807; private evaluation only; do not redistribute; private source redacted
pptx_report_300slides_transitions,corpus/pptx/pptx_report_300slides_transitions.pptx,powerpoint,pptx,private-source:e4f6a0204ecfdd7f,Microsoft Macintosh PowerPoint,16.0000,office-native;charts;media;embedded-objects;embedded-workbooks;notes;transitions;large-deck;multi-master;many-layouts,private-evaluation-only,stress,pass,,e4f6a0204ecfdd7f878ca50c498d2d3a0700e35524a8a3ccc6dfb06a84dff3f9,24585120,parts=2474; slides=409; layouts=18; masters=2; charts=784; media=210; embeddings=206; notes=320; tables=10; track_changes=1931; transitions=14; private evaluation only; do not redistribute; private source redacted
pptx_update_240827_animations,corpus/pptx/pptx_update_240827_animations.pptx,powerpoint,pptx,private-source:1ac46548b75d8254,Microsoft Macintosh PowerPoint,16.0000,office-native;charts;media;embedded-objects;embedded-workbooks;notes;animations;large-deck;multi-master;many-layouts,private-evaluation-only,extended,pass,,1ac46548b75d82542e3b692dd7aafd0e72b6709cfa3254ceabae9afacaa4693c,20410588,parts=1432; slides=136; layouts=38; masters=2; charts=616; media=186; embeddings=154; notes=92; tables=21; track_changes=2205; animations=2; private evaluation only; do not redistribute; private source redacted
pptx_report_100slides_animation_transition,corpus/pptx/pptx_report_100slides_animation_transition.pptx,powerpoint,pptx,private-source:7b2d69b13424e8c5,Microsoft Macintosh PowerPoint,16.0000,office-native;charts;media;embedded-objects;embedded-workbooks;notes;transitions;animations;large-deck;multi-master;many-layouts,private-evaluation-only,extended,pass,,7b2d69b13424e8c530d03b6c3cd9386059446d870f03183e516c9307f5b8b9b9,17177902,parts=683; slides=113; layouts=18; masters=2; charts=184; media=144; embeddings=49; notes=10; tables=4; track_changes=1164; transitions=8; animations=1; private evaluation only; do not redistribute; private source redacted
pptx_update_250114_multimaster,corpus/pptx/pptx_update_250114_multimaster.pptx,powerpoint,pptx,private-source:334ad880f18d0c00,Microsoft Macintosh PowerPoint,16.0000,office-native;charts;media;embedded-objects;embedded-workbooks;notes;large-deck;multi-master,private-evaluation-only,stress,pass,,334ad880f18d0c00c3b3cff8de1982321c50e251d89b8603764649284f755a97,8321306,parts=2084; slides=193; layouts=8; masters=2; charts=570; media=91; embeddings=145; notes=2; tables=10; track_changes=1501; private evaluation only; do not redistribute; private source redacted
pptx_thinking_model_redorange_transition,corpus/pptx/pptx_thinking_model_redorange_transition.pptx,powerpoint,pptx,private-source:e3981028e3f7c77d,Microsoft Macintosh PowerPoint,16.0000,office-native;charts;media;embedded-objects;embedded-workbooks;notes;transitions;large-deck;multi-master,private-evaluation-only,stress,pass,,e3981028e3f7c77d0e05961a0524b63dab8d9257a67adbb955c507a3fb8018f4,13255098,parts=3377; slides=304; layouts=10; masters=2; charts=2; media=156; embeddings=1; notes=80; tables=12; track_changes=1652; transitions=20; private evaluation only; do not redistribute; private source redacted
pptx_visual_management_183slides,corpus/pptx/pptx_visual_management_183slides.pptx,powerpoint,pptx,private-source:25514de4fe2a2873,Microsoft Office PowerPoint,16.0000,office-native;media;notes;transitions;large-deck;multi-master;many-layouts,private-evaluation-only,extended,pass,,25514de4fe2a287389ca803085aad39493e706b585b43898ba8eedeebc4a0165,7676441,parts=649; slides=183; layouts=24; masters=2; media=236; notes=6; tables=10; transitions=169; private evaluation only; do not redistribute; private source redacted
pptx_okr_method_transitions,corpus/pptx/pptx_okr_method_transitions.pptx,powerpoint,pptx,private-source:8e6d56b49f1a84fb,Microsoft Office PowerPoint,16.0000,office-native;media;notes;transitions;multi-master;many-layouts,private-evaluation-only,extended,pass,,8e6d56b49f1a84fbc2dac82166ed9fe771abcfa633d0a0cee7942272b11b58d5,1044157,parts=1097; slides=16; layouts=20; masters=2; media=27; notes=14; track_changes=160; transitions=7; private evaluation only; do not redistribute; private source redacted
pptx_procurement_strategy_animations,corpus/pptx/pptx_procurement_strategy_animations.pptx,powerpoint,pptx,private-source:acbc439f4b42284f,Microsoft Office PowerPoint,15.0000,office-native;media;notes;transitions;animations;multi-master,private-evaluation-only,nightly,pass,,acbc439f4b42284f3c5f6d3e08b1e9118ea571e4c33a88ad5ff1310c865e4528,7488591,parts=199; slides=35; layouts=8; masters=2; media=36; notes=68; tables=2; track_changes=74; transitions=34; animations=39; private evaluation only; do not redistribute; private source redacted
pptx_report_146slides_lavared,corpus/pptx/pptx_report_146slides_lavared.pptx,powerpoint,pptx,private-source:81c13f26957e0634,Microsoft Macintosh PowerPoint,16.0000,office-native;charts;media;embedded-objects;embedded-workbooks;notes;transitions;multi-master;many-layouts,private-evaluation-only,nightly,pass,,81c13f26957e06347c6787d32550fa3cd4fb2138965349728a55aa0a6f8b9006,15262877,parts=376; slides=70; layouts=16; masters=2; charts=94; media=46; embeddings=24; notes=40; tables=1; track_changes=258; transitions=35; private evaluation only; do not redistribute; private source redacted
pptx_communication_skills_animations,corpus/pptx/pptx_communication_skills_animations.pptx,powerpoint,pptx,private-source:0d14909d8602ea5e,Microsoft Office PowerPoint,16.0000,office-native;media;notes;transitions;animations;multi-master;many-layouts,private-evaluation-only,nightly,pass,,0d14909d8602ea5e7953d4797b44fb91710c042fad3cbcc5ae619ad80432950e,15040737,parts=371; slides=65; layouts=20; masters=2; media=70; notes=130; tables=1; track_changes=395; transitions=130; animations=67; private evaluation only; do not redistribute; private source redacted
docx_finance_mindmap_track,corpus/docx/docx_finance_mindmap_track.docx,word,docx,private-source:74b839b07f531629,WPS Office_3.6.0.5672_F1E327BC-269C-435d-A152-05C5408002CA,not-declared,office-native;media;customxml;track-changes;large-docx,private-evaluation-only,nightly,pass,,74b839b07f5316290ae19583480d98c4a5be280b743b11efc02e2c3b97073506,2177456,parts=178; media=164; customXml=3; styles=1; track_changes=1296; private evaluation only; do not redistribute; private source redacted
docx_resume_caitlyn_hyperlinks,corpus/docx/docx_resume_caitlyn_hyperlinks.docx,word,docx,private-source:d620048eab2f159a,Microsoft Office Word,15.0000,office-native;media;hyperlinks,private-evaluation-only,nightly,pass,,d620048eab2f159aecea10e14946caf459c2267b27f804dbee694e1058dea322,106939,parts=37; media=24; numbering=1; styles=1; hyperlinks=2; private evaluation only; do not redistribute; private source redacted
docx_resume_customxml,corpus/docx/docx_resume_customxml.docx,word,docx,private-source:eabf16ffed891d99,Microsoft Office Word,16.0000,office-native;media;customxml,private-evaluation-only,nightly,pass,,eabf16ffed891d9949f9656f6676de68d9cc63f88fdad98b18d979701d6e4a8d,224825,parts=17; media=2; customXml=3; numbering=1; styles=1; tables=12; private evaluation only; do not redistribute; private source redacted
docx_restaurant_operations_fields,corpus/docx/docx_restaurant_operations_fields.docx,word,docx,private-source:149868cdd17c5a89,Microsoft Office Word,14.0000,office-native;media;footers;footnotes;endnotes;customxml;fields;hyperlinks,private-evaluation-only,nightly,pass,,149868cdd17c5a89423b252e0c5e27ce6d82c034298ec2bb30066c277db979f8,11494299,parts=64; media=38; footers=3; footnotes=1; endnotes=1; customXml=6; numbering=1; styles=1; tables=16; fields=12; hyperlinks=21; private evaluation only; do not redistribute; private source redacted
docx_resume_a4_embedded_charts,corpus/docx/docx_resume_a4_embedded_charts.docx,word,docx,private-source:6ff2d1e3e17d4526,WPS Office_6.10.1.8873_F1E327BC-269C-435d-A152-05C5408002CA,not-declared,office-native;charts;media;embedded-objects;embedded-workbooks;footnotes;endnotes;customxml,private-evaluation-only,nightly,pass,,6ff2d1e3e17d45269f73241b24a801f866a864348bdad522e41e10d24f9a9d00,3803090,parts=43; charts=16; media=7; embeddings=4; footnotes=1; endnotes=1; customXml=3; styles=1; private evaluation only; do not redistribute; private source redacted
docx_resume_giulia_media,corpus/docx/docx_resume_giulia_media.docx,word,docx,private-source:67ab32377107be73,Microsoft Office Word,16.0000,office-native;media,private-evaluation-only,nightly,pass,,67ab32377107be73d56226c23b5bdb8a0679dd8a3359cfb0410e2761e2c4565d,92889,parts=28; media=15; numbering=1; styles=1; private evaluation only; do not redistribute; private source redacted
docx_layout_operations_media,corpus/docx/docx_layout_operations_media.docx,word,docx,private-source:6f025901aafaed0a,Microsoft Office Word,15.0000,office-native;media;footnotes;endnotes,private-evaluation-only,nightly,pass,,6f025901aafaed0aa6b6a9bf0a8bd8c59703315281b3fe3f56edd2138f501492,122172,parts=17; media=3; footnotes=1; endnotes=1; styles=1; private evaluation only; do not redistribute; private source redacted
docx_procurement_rules_track,corpus/docx/docx_procurement_rules_track.docx,word,docx,private-source:71d01c3da19628ad,WPS Office_11.1.0.9828_F1E327BC-269C-435d-A152-05C5408002CA,not-declared,office-native;media;embedded-objects;embedded-workbooks;customxml;track-changes,private-evaluation-only,nightly,pass,,71d01c3da19628ad0456bbd1ef734a5e42675eb84a4ac1bedc8d9bfc6106a641,112627,parts=19; media=2; embeddings=2; customXml=3; numbering=1; styles=1; track_changes=8; private evaluation only; do not redistribute; private source redacted
pptx_ms_expansion_001_office-file,corpus/pptx/pptx_ms_expansion_001_office-file.pptx,powerpoint,pptx,private-source:21ef9cf7a90855e0,Microsoft Macintosh PowerPoint,16.0000,office-native;charts;chartex;diagrams;media;embedded-objects;embedded-workbooks;notes;transitions;large-deck;multi-master;many-layouts,private-evaluation-only,extended,pass,,21ef9cf7a90855e05334eaa43034b70b0e1741a1cac0480417e0b65d3ea8b64a,24161358,parts=1477; slides=180; charts=446; media=121; embeddings=113; private evaluation only; do not redistribute; private source redacted
pptx_ms_expansion_002_office-file,corpus/pptx/pptx_ms_expansion_002_office-file.pptx,powerpoint,pptx,private-source:c8a602de8342017e,Microsoft Macintosh PowerPoint,16.0000,office-native;charts;chartex;diagrams;media;embedded-objects;embedded-workbooks;notes;transitions;large-deck;multi-master;many-layouts,private-evaluation-only,extended,pass,,c8a602de8342017eb14815191d5322992f1f111d09a3735eb961baf15c360c51,24161485,parts=1477; slides=180; charts=446; media=121; embeddings=113; private evaluation only; do not redistribute; private source redacted
pptx_ms_expansion_003_office-file,corpus/pptx/pptx_ms_expansion_003_office-file.pptx,powerpoint,pptx,private-source:8531af9a2e9da214,Microsoft Macintosh PowerPoint,16.0000,office-native;charts;chartex;diagrams;media;embedded-objects;embedded-workbooks;notes;transitions;large-deck;multi-master;many-layouts,private-evaluation-only,extended,pass,,8531af9a2e9da214addd58e829569a1a9a4522bb1521a2d34692a7dcddfc987b,24162179,parts=1477; slides=180; charts=446; media=121; embeddings=113; private evaluation only; do not redistribute; private source redacted
pptx_ms_expansion_004_office-file,corpus/pptx/pptx_ms_expansion_004_office-file.pptx,powerpoint,pptx,private-source:4f0bd995efbfd15d,Microsoft Macintosh PowerPoint,16.0000,office-native;charts;chartex;diagrams;media;embedded-objects;embedded-workbooks;notes;transitions;large-deck;multi-master;many-layouts,private-evaluation-only,extended,pass,,4f0bd995efbfd15da887754ef710f84c2d76223283a2089ec1e2123eb5bc12ed,24162871,parts=1477; slides=180; charts=446; media=121; embeddings=113; private evaluation only; do not redistribute; private source redacted
pptx_ms_expansion_005_130,corpus/pptx/pptx_ms_expansion_005_130.pptx,powerpoint,pptx,private-source:83783ffb7ff9de9c,Microsoft Macintosh PowerPoint,16.0000,office-native;charts;media;embedded-objects;embedded-workbooks;notes;animations;large-deck;multi-master;many-layouts,private-evaluation-only,extended,pass,,83783ffb7ff9de9c72669cf9575f96f5aef0acddae01bc0fd35160fa63b24493,20413004,parts=1432; slides=136; charts=616; media=186; embeddings=154; private evaluation only; do not redistribute; private source redacted
pptx_ms_expansion_006_130,corpus/pptx/pptx_ms_expansion_006_130.pptx,powerpoint,pptx,private-source:4ff1e545f8050893,Microsoft Macintosh PowerPoint,16.0000,office-native;charts;media;embedded-objects;embedded-workbooks;notes;animations;large-deck;multi-master;many-layouts,private-evaluation-only,extended,pass,,4ff1e545f805089339ad2fa4cad510d4d5fbc439b4b90726558fd87a2fdbb0fc,20423184,parts=1432; slides=136; charts=616; media=186; embeddings=154; private evaluation only; do not redistribute; private source redacted
pptx_ms_expansion_007_office-file,corpus/pptx/pptx_ms_expansion_007_office-file.pptx,powerpoint,pptx,private-source:6c65d28aa67c2d78,Microsoft Macintosh PowerPoint,16.0000,office-native;charts;media;embedded-objects;embedded-workbooks;notes;large-deck;multi-master;many-layouts,private-evaluation-only,extended,pass,,6c65d28aa67c2d788621097245904b5a4fe59fdedcc684cd2bd0816a06b90851,26497858,parts=1496; slides=183; charts=394; media=147; embeddings=100; private evaluation only; do not redistribute; private source redacted
pptx_ms_expansion_008_100,corpus/pptx/pptx_ms_expansion_008_100.pptx,powerpoint,pptx,private-source:a7d21cfdca759938,Microsoft Macintosh PowerPoint,16.0000,office-native;charts;media;embedded-objects;embedded-workbooks;notes;transitions;animations;large-deck;multi-master;many-layouts,private-evaluation-only,extended,pass,,a7d21cfdca75993879fce90cf56dbffa043a9b51926ad6bb1f983ea584de1789,17178082,parts=683; slides=113; charts=184; media=144; embeddings=49; private evaluation only; do not redistribute; private source redacted
pptx_ms_expansion_009_100,corpus/pptx/pptx_ms_expansion_009_100.pptx,powerpoint,pptx,private-source:f128e1bf5666d568,Microsoft Macintosh PowerPoint,16.0000,office-native;charts;media;embedded-objects;embedded-workbooks;notes;transitions;animations;large-deck;multi-master;many-layouts,private-evaluation-only,extended,pass,,f128e1bf5666d568567099b8d7d74ef4eda0ca76e29793606fc242efb7432d60,17178659,parts=683; slides=113; charts=184; media=144; embeddings=49; private evaluation only; do not redistribute; private source redacted
pptx_ms_expansion_010_100,corpus/pptx/pptx_ms_expansion_010_100.pptx,powerpoint,pptx,private-source:1eeeee245178a16e,Microsoft Macintosh PowerPoint,16.0000,office-native;charts;media;embedded-objects;embedded-workbooks;notes;transitions;animations;large-deck;multi-master;many-layouts,private-evaluation-only,extended,pass,,1eeeee245178a16ebd9becc24e5a89432561524f9d0f5865f6b808e5d6cabf91,17179471,parts=683; slides=113; charts=184; media=144; embeddings=49; private evaluation only; do not redistribute; private source redacted
pptx_ms_expansion_011_07,corpus/pptx/pptx_ms_expansion_011_07.pptx,powerpoint,pptx,private-source:91b5523010ef1dc8,Microsoft Macintosh PowerPoint,16.0000,office-native;charts;media;embedded-objects;embedded-workbooks;notes;transitions;large-deck;multi-master;many-layouts,private-evaluation-only,extended,pass,,91b5523010ef1dc8134dc9e3f91f339f63ba52e24c19f518af53393e3c7e7125,12931637,parts=966; slides=146; charts=382; media=97; embeddings=100; private evaluation only; do not redistribute; private source redacted
pptx_ms_expansion_012_07,corpus/pptx/pptx_ms_expansion_012_07.pptx,powerpoint,pptx,private-source:78c8ab4b60a8dc26,Microsoft Macintosh PowerPoint,16.0000,office-native;charts;media;embedded-objects;embedded-workbooks;notes;transitions;large-deck;multi-master;many-layouts,private-evaluation-only,extended,pass,,78c8ab4b60a8dc26b81403c3572f9bb8b67d96c59014b83fcf6aafeb71009610,12932604,parts=966; slides=146; charts=382; media=97; embeddings=100; private evaluation only; do not redistribute; private source redacted
pptx_ms_expansion_013_08,corpus/pptx/pptx_ms_expansion_013_08.pptx,powerpoint,pptx,private-source:b2366d3f4cd34360,Microsoft Macintosh PowerPoint,16.0000,office-native;charts;media;embedded-objects;embedded-workbooks;notes;transitions;large-deck;multi-master;many-layouts,private-evaluation-only,extended,pass,,b2366d3f4cd343604d6e3622f63242195123ceec9c4050cfd23ee0426b2cf14a,12934979,parts=966; slides=146; charts=382; media=97; embeddings=100; private evaluation only; do not redistribute; private source redacted
pptx_ms_expansion_014_complex-100p,corpus/pptx/pptx_ms_expansion_014_complex-100p.pptx,powerpoint,pptx,private-source:9bfd3ff7fa21aefb,Microsoft Office PowerPoint,14.0000,office-native;charts;diagrams;media;embedded-objects;embedded-workbooks;equations;notes;transitions;animations;large-deck;multi-master;many-layouts,private-evaluation-only,extended,pass,,9bfd3ff7fa21aefb815be0a5ba3fc4579e6457e7444d3971d00dc44d2f1bc73b,1341288,parts=646; slides=100; charts=2; media=58; embeddings=14; private evaluation only; do not redistribute; private source redacted
pptx_ms_expansion_015_54p-ppt,corpus/pptx/pptx_ms_expansion_015_54p-ppt.pptx,powerpoint,pptx,private-source:db97e5ffc92ef7b1,Microsoft Office PowerPoint,16.0000,office-native;media;embedded-objects;embedded-workbooks;notes;transitions;animations;multi-master;many-layouts,private-evaluation-only,nightly,pass,,db97e5ffc92ef7b1772487662c9d183963e8e2a15f0d4c71d0d85223d1ca4650,2686559,parts=392; slides=54; charts=0; media=124; embeddings=21; private evaluation only; do not redistribute; private source redacted
pptx_ms_expansion_016_office-file,corpus/pptx/pptx_ms_expansion_016_office-file.pptx,powerpoint,pptx,private-source:e2de507e883f96e7,Microsoft Office PowerPoint,15.0000,office-native;media;notes;transitions;animations;multi-master,private-evaluation-only,nightly,pass,,e2de507e883f96e7a5e655779287c1989262cc5e8a88c603721808cb1834f89b,15723983,parts=317; slides=63; charts=0; media=40; embeddings=0; private evaluation only; do not redistribute; private source redacted
pptx_ms_expansion_017_05,corpus/pptx/pptx_ms_expansion_017_05.pptx,powerpoint,pptx,private-source:033d9966cdc3bc51,Microsoft Macintosh PowerPoint,16.0000,office-native;charts;media;embedded-objects;embedded-workbooks;notes;transitions;multi-master;many-layouts,private-evaluation-only,nightly,pass,,033d9966cdc3bc51d853b586babebae8b7ed0e19dcdb8d7bfe5c986ed98bdc95,15263677,parts=376; slides=70; charts=94; media=46; embeddings=24; private evaluation only; do not redistribute; private source redacted
pptx_ms_expansion_018_03,corpus/pptx/pptx_ms_expansion_018_03.pptx,powerpoint,pptx,private-source:39d15cf6d54ae169,Microsoft Macintosh PowerPoint,16.0000,office-native;charts;media;embedded-objects;embedded-workbooks;notes;transitions;multi-master;many-layouts,private-evaluation-only,nightly,pass,,39d15cf6d54ae1699622e159d60e7f76a8fa4d7d5c16dc153e834d5581caae6b,15308090,parts=377; slides=70; charts=94; media=47; embeddings=24; private evaluation only; do not redistribute; private source redacted
pptx_ms_expansion_019_02,corpus/pptx/pptx_ms_expansion_019_02.pptx,powerpoint,pptx,private-source:70e9fb203ca282fd,Microsoft Macintosh PowerPoint,16.0000,office-native;charts;media;embedded-objects;embedded-workbooks;notes;transitions;multi-master;many-layouts,private-evaluation-only,extended,pass,,70e9fb203ca282fd596323c50256b222afdd01ae6e077e80884dc53eaf1e6977,16279840,parts=382; slides=72; charts=94; media=48; embeddings=24; private evaluation only; do not redistribute; private source redacted
pptx_ms_expansion_020_80p-ppt,corpus/pptx/pptx_ms_expansion_020_80p-ppt.pptx,powerpoint,pptx,private-source:20a01060108401ca,Microsoft Office PowerPoint,16.0000,office-native;media;embedded-objects;embedded-workbooks;notes;transitions;animations;large-deck;multi-master;many-layouts,private-evaluation-only,extended,pass,,20a01060108401ca910f9d29487ad1812c1b75c801c571601960b64efde86d4f,3485467,parts=245; slides=80; charts=0; media=37; embeddings=1; private evaluation only; do not redistribute; private source redacted
pptx_ms_expansion_021_49p-ppt,corpus/pptx/pptx_ms_expansion_021_49p-ppt.pptx,powerpoint,pptx,private-source:316eed9cfe659ad5,Microsoft Office PowerPoint,16.0000,office-native;media;notes;transitions;animations;multi-master;many-layouts,private-evaluation-only,nightly,pass,,316eed9cfe659ad555c08de86becb8818b3df0415114f4beb02801c999acdef5,11934894,parts=257; slides=49; charts=0; media=21; embeddings=0; private evaluation only; do not redistribute; private source redacted
pptx_ms_expansion_022_5w2h-27p-ppt,corpus/pptx/pptx_ms_expansion_022_5w2h-27p-ppt.pptx,powerpoint,pptx,private-source:37e57a0f305a5247,Microsoft Office PowerPoint,16.0000,office-native;media;notes;transitions;animations;multi-master;many-layouts,private-evaluation-only,nightly,pass,,37e57a0f305a52474fd199b593f1853c92aa07ab1319390eaf3786c15996aca6,982724,parts=209; slides=27; charts=0; media=29; embeddings=0; private evaluation only; do not redistribute; private source redacted
pptx_ms_expansion_023_15,corpus/pptx/pptx_ms_expansion_023_15.pptx,powerpoint,pptx,private-source:6f262cdbc0de5de1,Microsoft Office PowerPoint,14.0000,office-native;charts;media;embedded-objects;embedded-workbooks;notes;transitions;animations;multi-master;many-layouts,private-evaluation-only,nightly,pass,,6f262cdbc0de5de19d1dbab7213fbe3d441eba152ab02e334fa06fd041d2ed92,9405617,parts=400; slides=71; charts=2; media=40; embeddings=9; private evaluation only; do not redistribute; private source redacted
pptx_ms_expansion_024_office-file,corpus/pptx/pptx_ms_expansion_024_office-file.pptx,powerpoint,pptx,private-source:e0f600657d5bba1b,Microsoft Office PowerPoint,16.0000,office-native;media;notes;transitions;animations;multi-master,private-evaluation-only,nightly,pass,,e0f600657d5bba1b9846261d7d1d59687c0a5f6b75e5702d1092712ad7465f7f,8904684,parts=312; slides=60; charts=0; media=42; embeddings=0; private evaluation only; do not redistribute; private source redacted
pptx_ms_expansion_025_2,corpus/pptx/pptx_ms_expansion_025_2.pptx,powerpoint,pptx,private-source:8c3653624a97fecd,Microsoft Office PowerPoint,15.0000,office-native;diagrams;media;notes;transitions;animations;multi-master;many-layouts,private-evaluation-only,nightly,pass,,8c3653624a97fecd5ea2eb6d72c809063f0216accd5a12e9e174b00c50fb8539,9286692,parts=345; slides=61; charts=0; media=56; embeddings=0; private evaluation only; do not redistribute; private source redacted
pptx_ms_expansion_026_cirnicate,corpus/pptx/pptx_ms_expansion_026_cirnicate.pptx,powerpoint,pptx,private-source:0cbbf35b6c05df84,Microsoft Office PowerPoint,16.0000,office-native;media;multi-master;many-layouts,private-evaluation-only,nightly,pass,,0cbbf35b6c05df84e8f9ac0bf8b1d4ee60b84dfec51055ccee82c408f68d38c1,650636,parts=172; slides=1; charts=0; media=23; embeddings=0; private evaluation only; do not redistribute; private source redacted
pptx_ms_expansion_027_ppt-49p,corpus/pptx/pptx_ms_expansion_027_ppt-49p.pptx,powerpoint,pptx,private-source:a52966ea6505277b,Microsoft Office PowerPoint,16.0000,office-native;media;notes;transitions;animations;multi-master;many-layouts,private-evaluation-only,extended,pass,,a52966ea6505277b48403a6916d97f3623e69ac4f8e088da5c19bd55ff199f2d,16039107,parts=255; slides=49; charts=0; media=21; embeddings=0; private evaluation only; do not redistribute; private source redacted
pptx_ms_expansion_028_24p-ppt,corpus/pptx/pptx_ms_expansion_028_24p-ppt.pptx,powerpoint,pptx,private-source:d62fbedd16b6d565,Microsoft Office PowerPoint,16.0000,office-native;media;transitions;multi-master;many-layouts,private-evaluation-only,nightly,pass,,d62fbedd16b6d5658304402dbe35fbb29c5eeaaf31b3107e2e816593c313a87e,1316328,parts=91; slides=24; charts=0; media=8; embeddings=0; private evaluation only; do not redistribute; private source redacted
pptx_ms_expansion_030_32p-ppt,corpus/pptx/pptx_ms_expansion_030_32p-ppt.pptx,powerpoint,pptx,private-source:9befe44ba5db2cb0,Microsoft Office PowerPoint,16.0000,office-native;media;notes;transitions;animations;multi-master,private-evaluation-only,nightly,pass,,9befe44ba5db2cb0637fc0f51ad1e5a18ea4a65ebf3fb7f9c86ad040c4837e53,823445,parts=109; slides=32; charts=0; media=11; embeddings=0; private evaluation only; do not redistribute; private source redacted
pptx_ms_expansion_032_p1-04,corpus/pptx/pptx_ms_expansion_032_p1-04.pptx,powerpoint,pptx,private-source:29abdc6d5105055c,Microsoft Macintosh PowerPoint,16.0000,office-native;media;notes;transitions;multi-master;many-layouts,private-evaluation-only,extended,pass,,29abdc6d5105055cbc85a50ade160784a1423eb6d0b24d9f3e1e049d9d64e26f,3393047,parts=589; slides=29; charts=0; media=14; embeddings=0; private evaluation only; do not redistribute; private source redacted
pptx_ms_expansion_034_95p-ppt,corpus/pptx/pptx_ms_expansion_034_95p-ppt.pptx,powerpoint,pptx,private-source:a1a32323d87c2ab4,Microsoft Office PowerPoint,16.0000,office-native;media;notes;animations;large-deck;multi-master;many-layouts,private-evaluation-only,extended,pass,,a1a32323d87c2ab4b9731bbab34b53c659e9093f6fe158041884ffb005c7189f,6654268,parts=361; slides=95; charts=0; media=124; embeddings=0; private evaluation only; do not redistribute; private source redacted
pptx_ms_expansion_035_okr-19p-ppt,corpus/pptx/pptx_ms_expansion_035_okr-19p-ppt.pptx,powerpoint,pptx,private-source:8d942aacf1f1b31e,Microsoft Office PowerPoint,16.0000,office-native;media;notes;transitions;multi-master;many-layouts,private-evaluation-only,extended,pass,,8d942aacf1f1b31e9a1894e941915da81318b17a5a437fedd47f9a64a8d90f17,995358,parts=1132; slides=19; charts=0; media=22; embeddings=0; private evaluation only; do not redistribute; private source redacted
pptx_ms_expansion_036_financial-pitch-deck,corpus/pptx/pptx_ms_expansion_036_financial-pitch-deck.pptx,powerpoint,pptx,private-source:24624b0ada6c3ffe,Microsoft Office PowerPoint,16.0000,office-native;charts;media;embedded-objects;embedded-workbooks;notes;multi-master;many-layouts,private-evaluation-only,nightly,pass,,24624b0ada6c3ffeba267f445cad0786eb00a57814a24ef3c890d1cf91b78e84,6019524,parts=183; slides=21; charts=20; media=27; embeddings=5; private evaluation only; do not redistribute; private source redacted
pptx_ms_expansion_037_classical-academia-sales-presentatio,corpus/pptx/pptx_ms_expansion_037_classical-academia-sales-presentatio.pptx,powerpoint,pptx,private-source:42e4303f96b42116,Microsoft Office PowerPoint,16.0000,office-native;diagrams;media;notes;multi-master;many-layouts,private-evaluation-only,nightly,pass,,42e4303f96b4211603a3e9b34d0040384a102c8e496b168b44ee00bae6bedba8,15121107,parts=201; slides=16; charts=0; media=22; embeddings=0; private evaluation only; do not redistribute; private source redacted
pptx_ms_expansion_038_19,corpus/pptx/pptx_ms_expansion_038_19.pptx,powerpoint,pptx,private-source:21f0d7cc43f164e4,Microsoft Office PowerPoint,15.0000,office-native;media;notes;transitions;animations;multi-master;many-layouts,private-evaluation-only,extended,pass,,21f0d7cc43f164e489160e5aeec075876ec9c8b3e9558ea72621eae89cc146fa,19310527,parts=458; slides=73; charts=0; media=61; embeddings=0; private evaluation only; do not redistribute; private source redacted
pptx_ms_expansion_039_okr-29p-ppt,corpus/pptx/pptx_ms_expansion_039_okr-29p-ppt.pptx,powerpoint,pptx,private-source:11ee52fb5d18c627,Microsoft Office PowerPoint,16.0000,office-native;media;embedded-objects;embedded-workbooks;notes;transitions;multi-master;many-layouts,private-evaluation-only,nightly,pass,,11ee52fb5d18c627a98f07212785f3d82ff0f414f63c9bd107ee851ca41274c0,2533189,parts=245; slides=29; charts=0; media=22; embeddings=1; private evaluation only; do not redistribute; private source redacted
pptx_ms_expansion_040_50p-ppt,corpus/pptx/pptx_ms_expansion_040_50p-ppt.pptx,powerpoint,pptx,private-source:691cbb0b8b277e2e,Microsoft Office PowerPoint,16.0000,office-native;media;notes;transitions;animations;multi-master;many-layouts,private-evaluation-only,nightly,pass,,691cbb0b8b277e2e6f2e0f427438b9b6f1a18f0c2d70fb9c2816e49c3a70411b,4553501,parts=294; slides=50; charts=0; media=46; embeddings=0; private evaluation only; do not redistribute; private source redacted
pptx_ms_expansion_041_office-file,corpus/pptx/pptx_ms_expansion_041_office-file.pptx,powerpoint,pptx,private-source:91e0cf8b0b642f32,Microsoft Office PowerPoint,16.0000,office-native;media;notes;transitions;animations;multi-master;many-layouts,private-evaluation-only,extended,pass,,91e0cf8b0b642f32e16101c7884309b962ad1e524da5b98c9273ac3dd9703b7b,18903683,parts=331; slides=56; charts=0; media=68; embeddings=0; private evaluation only; do not redistribute; private source redacted
pptx_ms_expansion_042_funnel-pp1,corpus/pptx/pptx_ms_expansion_042_funnel-pp1.pptx,powerpoint,pptx,private-source:8f971346a21010df,Microsoft Office PowerPoint,16.0000,office-native;charts;chartex;media;embedded-objects;embedded-workbooks;multi-master;many-layouts,private-evaluation-only,nightly,pass,,8f971346a21010dfdb22799be79bbb883497cc260129cba41d5c9b06967fc3e3,51094,parts=43; slides=1; charts=4; media=1; embeddings=1; private evaluation only; do not redistribute; private source redacted
pptx_ms_expansion_043_plain-200p,corpus/pptx/pptx_ms_expansion_043_plain-200p.pptx,powerpoint,pptx,private-source:8d90ee9a7f5c3232,Microsoft Office PowerPoint,14.0000,office-native;notes;transitions;animations;large-deck;multi-master;many-layouts,private-evaluation-only,extended,pass,,8d90ee9a7f5c32320e464370523a8e3ff1ff4af6c89f80e2af1d39d6fad4c733,710105,parts=841; slides=200; charts=0; media=0; embeddings=0; private evaluation only; do not redistribute; private source redacted
pptx_ms_expansion_044_p1-03,corpus/pptx/pptx_ms_expansion_044_p1-03.pptx,powerpoint,pptx,private-source:5d091390ac24d391,Microsoft Macintosh PowerPoint,16.0000,office-native;media;multi-master;many-layouts,private-evaluation-only,extended,pass,,5d091390ac24d391a3170de99a9f0a0fd733f8db075145f9beaa13a2f5558dd5,2932243,parts=650; slides=23; charts=0; media=10; embeddings=0; private evaluation only; do not redistribute; private source redacted
pptx_ms_expansion_046_4,corpus/pptx/pptx_ms_expansion_046_4.pptx,powerpoint,pptx,private-source:7555d7c09fd693fe,Microsoft Office PowerPoint,16.0000,office-native;media;notes;transitions;animations;multi-master,private-evaluation-only,nightly,pass,,7555d7c09fd693fe5f926a34eb29e313460c5ca9f676d137a5426449f440f385,8497384,parts=131; slides=37; charts=0; media=28; embeddings=0; private evaluation only; do not redistribute; private source redacted
pptx_ms_expansion_047_office-file,corpus/pptx/pptx_ms_expansion_047_office-file.pptx,powerpoint,pptx,private-source:3cbc4145db96e388,Microsoft Office PowerPoint,16.0000,office-native;media;notes;transitions;animations;multi-master;many-layouts,private-evaluation-only,nightly,pass,,3cbc4145db96e3883d9dd4e000b0f3a092ce6f3a79d43ca319210bb2e623b9f5,9526903,parts=114; slides=26; charts=0; media=21; embeddings=0; private evaluation only; do not redistribute; private source redacted
pptx_ms_expansion_048_office-file,corpus/pptx/pptx_ms_expansion_048_office-file.pptx,powerpoint,pptx,private-source:a707303a949cb801,Microsoft Office PowerPoint,16.0000,office-native;media;notes;transitions;animations;multi-master;many-layouts,private-evaluation-only,nightly,pass,,a707303a949cb801344efdb406389692e3006adac2479f341f2f7f08eec06a25,15523039,parts=315; slides=51; charts=0; media=27; embeddings=0; private evaluation only; do not redistribute; private source redacted
pptx_ms_expansion_049_7,corpus/pptx/pptx_ms_expansion_049_7.pptx,powerpoint,pptx,private-source:3a3a2a3d17e69063,Microsoft Office PowerPoint,16.0000,office-native;media;notes;transitions;animations;multi-master;many-layouts,private-evaluation-only,extended,pass,,3a3a2a3d17e69063fcf6eb3251b11ae3624979535d079db504dc1b1daaa5054f,39761408,parts=128; slides=27; charts=0; media=20; embeddings=0; private evaluation only; do not redistribute; private source redacted
pptx_ms_expansion_050_ppt-9-17,corpus/pptx/pptx_ms_expansion_050_ppt-9-17.pptx,powerpoint,pptx,private-source:a304ef31946dc66a,Microsoft Macintosh PowerPoint,16.0000,office-native;charts;media;embedded-objects;embedded-workbooks;notes;transitions;animations;multi-master;many-layouts,private-evaluation-only,nightly,pass,,a304ef31946dc66a01937665c895c08d6895f25b8b02b0319465d6d43ea1ce29,482723,parts=186; slides=12; charts=58; media=4; embeddings=16; private evaluation only; do not redistribute; private source redacted
pptx_ms_expansion_051_p1-01,corpus/pptx/pptx_ms_expansion_051_p1-01.pptx,powerpoint,pptx,private-source:837c5036371296c7,Microsoft Macintosh PowerPoint,16.0000,office-native;media;notes;multi-master;many-layouts,private-evaluation-only,extended,pass,,837c5036371296c7c8cc9a5bc759ceecae7a15667f7e27dd77ecb7645ed9cc4a,3456881,parts=505; slides=28; charts=0; media=16; embeddings=0; private evaluation only; do not redistribute; private source redacted
pptx_ms_expansion_052_p2-03,corpus/pptx/pptx_ms_expansion_052_p2-03.pptx,powerpoint,pptx,private-source:7c0aeda1354afd7b,Microsoft Macintosh PowerPoint,16.0000,office-native;charts;media;embedded-objects;embedded-workbooks;transitions;multi-master;many-layouts,private-evaluation-only,nightly,pass,,7c0aeda1354afd7b36c756824dc8af31002ae2cbb7e48425b596e28d7818be43,4328164,parts=270; slides=26; charts=2; media=32; embeddings=1; private evaluation only; do not redistribute; private source redacted
pptx_ms_expansion_054_10,corpus/pptx/pptx_ms_expansion_054_10.pptx,powerpoint,pptx,private-source:d148014f21b44fe0,Microsoft Office PowerPoint,16.0000,office-native;media;transitions;animations;multi-master,private-evaluation-only,nightly,pass,,d148014f21b44fe00edb18024698b1474970adebf401e90808e315cd8f6d5d7d,8210711,parts=88; slides=24; charts=0; media=11; embeddings=0; private evaluation only; do not redistribute; private source redacted
pptx_ms_expansion_055_31p-ppt,corpus/pptx/pptx_ms_expansion_055_31p-ppt.pptx,powerpoint,pptx,private-source:c5c596050e8c1cbb,Microsoft Office PowerPoint,16.0000,office-native;diagrams;media;notes;transitions;animations;multi-master;many-layouts,private-evaluation-only,nightly,pass,,c5c596050e8c1cbb413e3e14e0a3cd5311202aa95092835630c7ab2ac59034b1,10892090,parts=273; slides=31; charts=0; media=45; embeddings=0; private evaluation only; do not redistribute; private source redacted
pptx_ms_expansion_056_modern-helena-presentation,corpus/pptx/pptx_ms_expansion_056_modern-helena-presentation.pptx,powerpoint,pptx,private-source:95d24d611dcfaf6d,Microsoft Office PowerPoint,16.0000,office-native;media;notes;multi-master;many-layouts,private-evaluation-only,nightly,pass,,95d24d611dcfaf6d207a99f9171fbab1e046ee6a7d2901b7d2b07cdec4979a38,12311065,parts=172; slides=14; charts=0; media=13; embeddings=0; private evaluation only; do not redistribute; private source redacted
pptx_ms_expansion_057_modern-minimalist-keynote-presentati,corpus/pptx/pptx_ms_expansion_057_modern-minimalist-keynote-presentati.pptx,powerpoint,pptx,private-source:bd1da9be7aa5fc8c,Microsoft Office PowerPoint,16.0000,office-native;media;multi-master;many-layouts,private-evaluation-only,nightly,pass,,bd1da9be7aa5fc8ca2c76176b11eb436500188c698dad66230e15e083f51946b,13528876,parts=217; slides=10; charts=0; media=28; embeddings=0; private evaluation only; do not redistribute; private source redacted
pptx_ms_expansion_058_grident-aura-keynote-presentation,corpus/pptx/pptx_ms_expansion_058_grident-aura-keynote-presentation.pptx,powerpoint,pptx,private-source:1d14ae5084ec18fe,Microsoft Office PowerPoint,16.0000,office-native;media;multi-master;many-layouts,private-evaluation-only,nightly,pass,,1d14ae5084ec18fe5a104e331400982a3f8e7ee281ff8aea230dbd3d266dfa94,14401286,parts=178; slides=11; charts=0; media=21; embeddings=0; private evaluation only; do not redistribute; private source redacted
pptx_ms_expansion_059_18,corpus/pptx/pptx_ms_expansion_059_18.pptx,powerpoint,pptx,private-source:188ffb92d74df62e,Microsoft Office PowerPoint,15.0000,office-native;diagrams;media;notes;animations;multi-master;many-layouts,private-evaluation-only,nightly,pass,,188ffb92d74df62edf51bcc084b556eee20bfa97e75e0c7e0ee0e2003d28564b,1017408,parts=226; slides=46; charts=0; media=11; embeddings=0; private evaluation only; do not redistribute; private source redacted
pptx_ms_expansion_060_p2-04,corpus/pptx/pptx_ms_expansion_060_p2-04.pptx,powerpoint,pptx,private-source:989c19d3244b7bbb,Microsoft Macintosh PowerPoint,16.0000,office-native;media;notes;transitions;multi-master;many-layouts,private-evaluation-only,nightly,pass,,989c19d3244b7bbb754d598b21edf91fb180e856b6e832f72561dd863984e774,2927493,parts=268; slides=25; charts=0; media=24; embeddings=0; private evaluation only; do not redistribute; private source redacted
pptx_ms_expansion_062_okr-23p-ppt,corpus/pptx/pptx_ms_expansion_062_okr-23p-ppt.pptx,powerpoint,pptx,private-source:ef023684171ccad7,Microsoft Office PowerPoint,16.0000,office-native;media;notes;transitions;animations;multi-master,private-evaluation-only,extended,pass,,ef023684171ccad766a9177342f02c65985ab745b6603870bc03a88046493626,24342947,parts=114; slides=23; charts=0; media=17; embeddings=0; private evaluation only; do not redistribute; private source redacted
pptx_ms_expansion_063_9-pptx,corpus/pptx/pptx_ms_expansion_063_9-pptx.pptx,powerpoint,pptx,private-source:51e85f9715fec0d7,Microsoft Office PowerPoint,16.0000,office-native;media;notes;transitions;animations;multi-master,private-evaluation-only,extended,pass,,51e85f9715fec0d7faacabfee8854e9f0d6006bf69ed934ad70bd958b90644c8,29332004,parts=125; slides=37; charts=0; media=22; embeddings=0; private evaluation only; do not redistribute; private source redacted
pptx_ms_expansion_064_forum-mso-de-138303,corpus/pptx/pptx_ms_expansion_064_forum-mso-de-138303.pptx,powerpoint,pptx,private-source:cb3c1a8b3b778a33,Microsoft Office PowerPoint,16.0000,office-native;charts;chartex;media;embedded-objects;embedded-workbooks;multi-master,private-evaluation-only,nightly,pass,,cb3c1a8b3b778a3376eb0a74342fb8523acdce8777b0a4c72ff820f2c43546aa,33241,parts=30; slides=1; charts=4; media=2; embeddings=2; private evaluation only; do not redistribute; private source redacted
pptx_ms_expansion_065_donut-column-and-bar-chart-dashboard,corpus/pptx/pptx_ms_expansion_065_donut-column-and-bar-chart-dashboard.pptx,powerpoint,pptx,private-source:d815cd08ef5e1cbc,Microsoft Office PowerPoint,16.0000,office-native;charts;chartex;media;embedded-objects;embedded-workbooks;multi-master,private-evaluation-only,nightly,pass,,d815cd08ef5e1cbc6363f8e3b96a62448db2e9b2c3d543f3874a21e1f15d68e4,89781,parts=53; slides=2; charts=12; media=2; embeddings=3; private evaluation only; do not redistribute; private source redacted
pptx_ms_expansion_066_blockwork-elegance,corpus/pptx/pptx_ms_expansion_066_blockwork-elegance.pptx,powerpoint,pptx,private-source:846b04469b09b0e4,Microsoft Office PowerPoint,16.0000,office-native;media;notes;multi-master;many-layouts,private-evaluation-only,nightly,pass,,846b04469b09b0e455c67eca0a0de5d2b3bb78cbad7dd2827db6c12799d18587,912741,parts=142; slides=1; charts=0; media=6; embeddings=0; private evaluation only; do not redistribute; private source redacted
pptx_ms_expansion_067_roman-fresco,corpus/pptx/pptx_ms_expansion_067_roman-fresco.pptx,powerpoint,pptx,private-source:eac870370875768e,Microsoft Office PowerPoint,16.0000,office-native;media;multi-master;many-layouts,private-evaluation-only,nightly,pass,,eac870370875768e5762e652d9ebd4ad6ce1caebe44b6a69d7862557aa2cf143,1464958,parts=169; slides=1; charts=0; media=22; embeddings=0; private evaluation only; do not redistribute; private source redacted
pptx_ms_expansion_068_p2-06,corpus/pptx/pptx_ms_expansion_068_p2-06.pptx,powerpoint,pptx,private-source:40f1da87bde65abe,Microsoft Macintosh PowerPoint,16.0000,office-native;media;transitions;multi-master;many-layouts,private-evaluation-only,nightly,pass,,40f1da87bde65abe9bb73494e2edb629be207a65cda97f6b29967d25a5a37117,2679180,parts=213; slides=27; charts=0; media=20; embeddings=0; private evaluation only; do not redistribute; private source redacted
pptx_ms_expansion_070_p1-02,corpus/pptx/pptx_ms_expansion_070_p1-02.pptx,powerpoint,pptx,private-source:66962fb3c19eff27,Microsoft Macintosh PowerPoint,16.0000,office-native;media;notes;multi-master;many-layouts,private-evaluation-only,nightly,pass,,66962fb3c19eff2772be69a6e89cee2ec980bb0d7913411c94cd7c9d1fedb6ba,3057971,parts=466; slides=19; charts=0; media=24; embeddings=0; private evaluation only; do not redistribute; private source redacted
pptx_ms_expansion_072_retro-from-fusion-marketing-presenta,corpus/pptx/pptx_ms_expansion_072_retro-from-fusion-marketing-presenta.pptx,powerpoint,pptx,private-source:012b6c9becacc2d6,Microsoft Office PowerPoint,16.0000,office-native;media;multi-master;many-layouts,private-evaluation-only,nightly,pass,,012b6c9becacc2d6c6f9118161fcaa447394c3c67d454806e0863c09beb0ce1a,3328308,parts=190; slides=15; charts=0; media=19; embeddings=0; private evaluation only; do not redistribute; private source redacted
pptx_ms_expansion_073_48-26p-ppt,corpus/pptx/pptx_ms_expansion_073_48-26p-ppt.pptx,powerpoint,pptx,private-source:6b7f2c5bf4bef0f4,Microsoft Office PowerPoint,16.0000,office-native;media;notes;transitions;animations;multi-master;many-layouts,private-evaluation-only,nightly,pass,,6b7f2c5bf4bef0f453783e5230c63cd32882ad7fd05b40f54b237f5b3f272040,9797861,parts=144; slides=26; charts=0; media=15; embeddings=0; private evaluation only; do not redistribute; private source redacted
pptx_ms_expansion_074_office-file,corpus/pptx/pptx_ms_expansion_074_office-file.pptx,powerpoint,pptx,private-source:bc27fd866f394620,Microsoft Office PowerPoint,16.0000,office-native;media;transitions;animations;multi-master;many-layouts,private-evaluation-only,extended,pass,,bc27fd866f3946204ed56f5e4cc39799f024d21b788ff90ba3dfe16d5045b634,15868807,parts=93; slides=18; charts=0; media=12; embeddings=0; private evaluation only; do not redistribute; private source redacted
pptx_ms_expansion_075_fabrikam-residences-the-ultimate-in-,corpus/pptx/pptx_ms_expansion_075_fabrikam-residences-the-ultimate-in-.pptx,powerpoint,pptx,private-source:e71b56f960f7d52b,Microsoft Office PowerPoint,16.0000,office-native;media;transitions;animations;multi-master;many-layouts,private-evaluation-only,extended,pass,,e71b56f960f7d52b4c07c52c640d3264be5d0aa1909df3b8ed7b41ce355f7aac,39394094,parts=109; slides=9; charts=0; media=41; embeddings=0; private evaluation only; do not redistribute; private source redacted
pptx_ms_expansion_076_ppt-10-18,corpus/pptx/pptx_ms_expansion_076_ppt-10-18.pptx,powerpoint,pptx,private-source:a0752369590d7a24,Microsoft Macintosh PowerPoint,16.0000,office-native;charts;media;embedded-objects;embedded-workbooks;notes;transitions;multi-master;many-layouts,private-evaluation-only,nightly,pass,,a0752369590d7a24d6b20495153e07190b2ab9937fd278959f8b136cf9caf87b,505520,parts=107; slides=6; charts=16; media=12; embeddings=4; private evaluation only; do not redistribute; private source redacted
pptx_ms_expansion_077_monochrome-black,corpus/pptx/pptx_ms_expansion_077_monochrome-black.pptx,powerpoint,pptx,private-source:1e398d8507433c5b,Microsoft Office PowerPoint,16.0000,office-native;media;multi-master;many-layouts,private-evaluation-only,nightly,pass,,1e398d8507433c5bbb5695cf7e171c171330389ef6ee96837c1bd88454ccc7cc,794462,parts=149; slides=1; charts=0; media=6; embeddings=0; private evaluation only; do not redistribute; private source redacted
pptx_ms_expansion_078_51p-ppt,corpus/pptx/pptx_ms_expansion_078_51p-ppt.pptx,powerpoint,pptx,private-source:b8b470547370260b,Microsoft Office PowerPoint,16.0000,office-native;diagrams;media;notes;animations;multi-master;many-layouts,private-evaluation-only,nightly,pass,,b8b470547370260bd6a02f346f18f947fc015a7a69c95421c383bf8975ab23c9,1014144,parts=193; slides=51; charts=0; media=15; embeddings=0; private evaluation only; do not redistribute; private source redacted
pptx_ms_expansion_079_ppt-11-5,corpus/pptx/pptx_ms_expansion_079_ppt-11-5.pptx,powerpoint,pptx,private-source:7265ab0603b864c7,Microsoft Macintosh PowerPoint,16.0000,office-native;charts;media;embedded-objects;embedded-workbooks;notes;transitions;multi-master;many-layouts,private-evaluation-only,nightly,pass,,7265ab0603b864c7afa3b1dff430f9a84b5662e0158798c6763c74cf129098ce,1057201,parts=108; slides=7; charts=10; media=16; embeddings=3; private evaluation only; do not redistribute; private source redacted
pptx_ms_expansion_080_28p-ppt,corpus/pptx/pptx_ms_expansion_080_28p-ppt.pptx,powerpoint,pptx,private-source:ae704b243cc1dee9,Microsoft Office PowerPoint,16.0000,office-native;diagrams;media;transitions;animations;multi-master;many-layouts,private-evaluation-only,nightly,pass,,ae704b243cc1dee9be5d52c5822de01a73307cd97bf810e625553cf4abbe529b,1714804,parts=138; slides=28; charts=0; media=18; embeddings=0; private evaluation only; do not redistribute; private source redacted
pptx_ms_expansion_081_p1-06,corpus/pptx/pptx_ms_expansion_081_p1-06.pptx,powerpoint,pptx,private-source:4d5bd9b12b286342,Microsoft Macintosh PowerPoint,16.0000,office-native;media;notes;transitions;multi-master;many-layouts,private-evaluation-only,nightly,pass,,4d5bd9b12b28634299beda0b3dbf4b682074831bdc0df537109d26143399aeff,2558401,parts=200; slides=19; charts=0; media=9; embeddings=0; private evaluation only; do not redistribute; private source redacted
pptx_ms_expansion_083_p1-05,corpus/pptx/pptx_ms_expansion_083_p1-05.pptx,powerpoint,pptx,private-source:ecca2c14f76d9e34,Microsoft Macintosh PowerPoint,16.0000,office-native;media;notes;multi-master;many-layouts,private-evaluation-only,nightly,pass,,ecca2c14f76d9e346dcb73eeb6f78062ed162babba7bfcd445c189e53ce13999,2801247,parts=225; slides=21; charts=0; media=20; embeddings=0; private evaluation only; do not redistribute; private source redacted
pptx_ms_expansion_085_pdca-37p-ppt,corpus/pptx/pptx_ms_expansion_085_pdca-37p-ppt.pptx,powerpoint,pptx,private-source:07f5fb859b19311c,Microsoft Office PowerPoint,16.0000,office-native;charts;media;embedded-objects;embedded-workbooks;notes;transitions;animations;multi-master;many-layouts,private-evaluation-only,nightly,pass,,07f5fb859b19311cd57175a8a45bdd9f6c249d3086a6fc43f5e3f5506288bc19,2874525,parts=337; slides=37; charts=20; media=16; embeddings=5; private evaluation only; do not redistribute; private source redacted
pptx_ms_expansion_087_2,corpus/pptx/pptx_ms_expansion_087_2.pptx,powerpoint,pptx,private-source:f8ef2d49f9099f45,Microsoft Office PowerPoint,15.0000,office-native;media;notes;animations;multi-master,private-evaluation-only,nightly,pass,,f8ef2d49f9099f4526585a0d8f030136313e6ea3549dc08f3c56ce45b94d3f0a,4109769,parts=165; slides=47; charts=0; media=22; embeddings=0; private evaluation only; do not redistribute; private source redacted
pptx_ms_expansion_088_13,corpus/pptx/pptx_ms_expansion_088_13.pptx,powerpoint,pptx,private-source:893f690d6db36ecc,Microsoft Office PowerPoint,15.0000,office-native;media;embedded-objects;embedded-workbooks;notes;animations;multi-master;many-layouts,private-evaluation-only,nightly,pass,,893f690d6db36ecca91fdc4879dc4fc139c6f59960a8af68a1d2dd949c25af57,8885614,parts=124; slides=19; charts=0; media=16; embeddings=18; private evaluation only; do not redistribute; private source redacted
pptx_ms_expansion_089_brush-presentation,corpus/pptx/pptx_ms_expansion_089_brush-presentation.pptx,powerpoint,pptx,private-source:44c3675a8b48231e,Microsoft Office PowerPoint,16.0000,office-native;charts;diagrams;media;embedded-objects;embedded-workbooks;notes;multi-master;many-layouts,private-evaluation-only,nightly,pass,,44c3675a8b48231e5bf137c554735d1b61ba2bfa523ce0b2619b11d0e7deb204,10063619,parts=113; slides=13; charts=4; media=15; embeddings=1; private evaluation only; do not redistribute; private source redacted
pptx_ms_expansion_090_japandi-linear-marketing-presentatio,corpus/pptx/pptx_ms_expansion_090_japandi-linear-marketing-presentatio.pptx,powerpoint,pptx,private-source:9db4f16d5f34c3f1,Microsoft Office PowerPoint,16.0000,office-native;media;multi-master;many-layouts,private-evaluation-only,nightly,pass,,9db4f16d5f34c3f1986545eb92b3e68122c7b372892eb8233965614c7fe14af7,15187125,parts=179; slides=15; charts=0; media=18; embeddings=0; private evaluation only; do not redistribute; private source redacted
pptx_ms_expansion_091_24p-ppt,corpus/pptx/pptx_ms_expansion_091_24p-ppt.pptx,powerpoint,pptx,private-source:5e476f1067583272,Microsoft Office PowerPoint,16.0000,office-native;media;transitions;animations;multi-master;many-layouts,private-evaluation-only,extended,pass,,5e476f1067583272c40087cebb8aa081468cdbaa669d3700627a7fa719c71c24,19786586,parts=112; slides=24; charts=0; media=11; embeddings=0; private evaluation only; do not redistribute; private source redacted
pptx_ms_expansion_092_ppt-8-15,corpus/pptx/pptx_ms_expansion_092_ppt-8-15.pptx,powerpoint,pptx,private-source:2d53fd8aabe5ef55,Microsoft Macintosh PowerPoint,16.0000,office-native;charts;media;embedded-objects;embedded-workbooks;transitions;multi-master;many-layouts,private-evaluation-only,nightly,pass,,2d53fd8aabe5ef558d83310442d58d1c393b6c10ad259241e127c891822d3873,583033,parts=110; slides=4; charts=28; media=4; embeddings=7; private evaluation only; do not redistribute; private source redacted
pptx_ms_expansion_093_ppt-10-6,corpus/pptx/pptx_ms_expansion_093_ppt-10-6.pptx,powerpoint,pptx,private-source:8eec55c4f5075077,Microsoft Macintosh PowerPoint,16.0000,office-native;charts;media;embedded-objects;embedded-workbooks;transitions;multi-master;many-layouts,private-evaluation-only,nightly,pass,,8eec55c4f5075077b34b6d24669f20ea7bbe215a7752a32ed39c5a44ec32f2e4,851927,parts=81; slides=6; charts=4; media=9; embeddings=1; private evaluation only; do not redistribute; private source redacted
pptx_ms_expansion_094_37p-ppt,corpus/pptx/pptx_ms_expansion_094_37p-ppt.pptx,powerpoint,pptx,private-source:c44c5622c46edcce,Microsoft Office PowerPoint,16.0000,office-native;diagrams;media;notes;transitions;multi-master;many-layouts,private-evaluation-only,nightly,pass,,c44c5622c46edcce9cedb6a6f1288bba8c4b8086ba5eb7729c8662a47b66d81f,1349370,parts=192; slides=37; charts=0; media=16; embeddings=0; private evaluation only; do not redistribute; private source redacted
pptx_ms_expansion_095_p2-05,corpus/pptx/pptx_ms_expansion_095_p2-05.pptx,powerpoint,pptx,private-source:d350d1edcfe52acb,Microsoft Macintosh PowerPoint,16.0000,office-native;media;notes;transitions;multi-master;many-layouts,private-evaluation-only,nightly,pass,,d350d1edcfe52acba00a92cb431143236272351470f5ecc3e5b83bcdf0740994,2648338,parts=183; slides=23; charts=0; media=10; embeddings=0; private evaluation only; do not redistribute; private source redacted
pptx_ms_expansion_097_p3-03,corpus/pptx/pptx_ms_expansion_097_p3-03.pptx,powerpoint,pptx,private-source:9c11b8dcf8d13b65,Microsoft Macintosh PowerPoint,16.0000,office-native;media;notes;transitions;multi-master;many-layouts,private-evaluation-only,nightly,pass,,9c11b8dcf8d13b6509e19a16a3778195c4b637db6037d2b79bc6b7825027ce7c,2723742,parts=126; slides=19; charts=0; media=16; embeddings=0; private evaluation only; do not redistribute; private source redacted
pptx_ms_expansion_099_oasis,corpus/pptx/pptx_ms_expansion_099_oasis.pptx,powerpoint,pptx,private-source:b944d681dcf426c1,Microsoft Office PowerPoint,16.0000,office-native;media;multi-master;many-layouts,private-evaluation-only,nightly,pass,,b944d681dcf426c11fa0581620129198b74bd8913a1ccf067be57a981b04a128,2895889,parts=147; slides=1; charts=0; media=9; embeddings=0; private evaluation only; do not redistribute; private source redacted
pptx_ms_expansion_100_p2-01,corpus/pptx/pptx_ms_expansion_100_p2-01.pptx,powerpoint,pptx,private-source:e938d80396b3e349,Microsoft Macintosh PowerPoint,16.0000,office-native;media;multi-master;many-layouts,private-evaluation-only,nightly,pass,,e938d80396b3e349450ca54a3509e60a932ae79575f67890efc1082a0ebed6c8,3040721,parts=259; slides=26; charts=0; media=15; embeddings=0; private evaluation only; do not redistribute; private source redacted
pptx_ms_expansion_102_office-file,corpus/pptx/pptx_ms_expansion_102_office-file.pptx,powerpoint,pptx,private-source:02289e5b20f6ecc9,Microsoft Office PowerPoint,16.0000,office-native;diagrams;media;transitions;animations;multi-master;many-layouts,private-evaluation-only,nightly,pass,,02289e5b20f6ecc9e185802854638751171ba45b2edb8a22272c2e75b979cdb7,6035800,parts=203; slides=55; charts=0; media=35; embeddings=0; private evaluation only; do not redistribute; private source redacted
pptx_ms_expansion_103_ppt,corpus/pptx/pptx_ms_expansion_103_ppt.pptx,powerpoint,pptx,private-source:afa2053a4acccbce,Microsoft Office PowerPoint,15.0000,office-native;media;notes;transitions;animations;multi-master;many-layouts,private-evaluation-only,nightly,pass,,afa2053a4acccbce131d8a16382fa27104db91332de5417dd364f2aa4cf25256,7054468,parts=102; slides=20; charts=0; media=8; embeddings=0; private evaluation only; do not redistribute; private source redacted
pptx_ms_expansion_104_tdf129372,corpus/pptx/pptx_ms_expansion_104_tdf129372.pptx,powerpoint,pptx,private-source:b9bc871d807225cb,Microsoft Office PowerPoint,16.0000,office-native;media;equations;multi-master;many-layouts,private-evaluation-only,nightly,pass,,b9bc871d807225cb92cbc2dfbead959e86920d3e0b2dc53ad6d59fb0110e45b7,33865,parts=38; slides=1; charts=0; media=1; embeddings=0; private evaluation only; do not redistribute; private source redacted
pptx_ms_expansion_105_06,corpus/pptx/pptx_ms_expansion_105_06.pptx,powerpoint,pptx,private-source:b09b312622c4130f,Microsoft Office PowerPoint,16.0000,office-native;media;notes;animations;multi-master;many-layouts,private-evaluation-only,nightly,pass,,b09b312622c4130f9e577ea1831e0f62c04bd49af575e55700e642b2504ebcb5,152629,parts=85; slides=8; charts=0; media=28; embeddings=0; private evaluation only; do not redistribute; private source redacted
docx_ms_expansion_106_fdo76316,corpus/docx/docx_ms_expansion_106_fdo76316.docx,word,docx,private-source:da37919bf44b5db4,Microsoft Office Word,12.0000,office-native;media;hyperlinks;large-docx,private-evaluation-only,stress,pass,,da37919bf44b5db49759e0d85b420a6f241c02da41c3d75237c92f379a366309,653222,parts=1714; slides=0; charts=0; media=344; embeddings=0; private evaluation only; do not redistribute; private source redacted
docx_ms_expansion_107_word,corpus/docx/docx_ms_expansion_107_word.docx,word,docx,private-source:f60725efb83badca,Microsoft Office Word,16.0000,office-native;media;equations;headers;footers;footnotes;endnotes;customxml;content-controls;fields;hyperlinks,private-evaluation-only,nightly,pass,,f60725efb83badca4a41b0c882619f60413241f1b56c076e58b6199f2fc3db9b,98998,parts=27; slides=0; charts=0; media=3; embeddings=0; private evaluation only; do not redistribute; private source redacted
docx_ms_expansion_108_complex-400p,corpus/docx/docx_ms_expansion_108_complex-400p.docx,word,docx,private-source:b3a19f4ad85a7b6e,Microsoft Office Word,14.0000,office-native;media;embedded-objects;embedded-workbooks;headers;footers;footnotes;endnotes;customxml;fields;hyperlinks;large-docx,private-evaluation-only,nightly,pass,,b3a19f4ad85a7b6e4e73070f0509937138debd66a49994bfad581d5e56673f79,3586228,parts=181; slides=0; charts=0; media=141; embeddings=12; private evaluation only; do not redistribute; private source redacted
docx_ms_expansion_109_hexagon-labels-30-per-page,corpus/docx/docx_ms_expansion_109_hexagon-labels-30-per-page.docx,word,docx,private-source:1ab74c4f67e3d095,Microsoft Office Word,16.0000,office-native;headers;footers;footnotes;endnotes;customxml;content-controls,private-evaluation-only,nightly,pass,,1ab74c4f67e3d095ba66c8779d7026eb69a43a74a5387e816c81840dd3c1afa3,195820,parts=36; slides=0; charts=0; media=0; embeddings=0; private evaluation only; do not redistribute; private source redacted
docx_ms_expansion_110_testchartoleobjectembeddings,corpus/docx/docx_ms_expansion_110_testchartoleobjectembeddings.docx,word,docx,private-source:446c1dde1fbd4ec0,Microsoft Office Word,14.0000,office-native;charts;diagrams;media;embedded-objects;embedded-workbooks;headers;footers;footnotes;endnotes;customxml;fields;hyperlinks,private-evaluation-only,nightly,pass,,446c1dde1fbd4ec0b4f5188934d62dc20200c4750ea435eb7f43bc1a40628f19,2041727,parts=75; slides=0; charts=10; media=10; embeddings=1; private evaluation only; do not redistribute; private source redacted
docx_ms_expansion_111_word,corpus/docx/docx_ms_expansion_111_word.docx,word,docx,private-source:8736b0255ca0a06f,Microsoft Office Word,16.0000,office-native;media;equations;headers;footers;footnotes;endnotes;customxml;content-controls;fields,private-evaluation-only,nightly,pass,,8736b0255ca0a06fe87557d41a3617d6d1fdbc6e2ff2eb6c9a02967f779d4830,237924,parts=25; slides=0; charts=0; media=2; embeddings=0; private evaluation only; do not redistribute; private source redacted
docx_ms_expansion_112_generative-ai-at-isb,corpus/docx/docx_ms_expansion_112_generative-ai-at-isb.docx,word,docx,private-source:40bbc68e2b8d7be9,Microsoft Word for the web,16.0000,office-native;media;headers;footers;footnotes;endnotes;customxml;content-controls;fields;hyperlinks,private-evaluation-only,nightly,pass,,40bbc68e2b8d7be99ed8c16d0c980ee1fe93ae26f22a3db3caf999ec8d13aa93,3274165,parts=61; slides=0; charts=0; media=21; embeddings=0; private evaluation only; do not redistribute; private source redacted
docx_ms_expansion_113_swiss-design-resume,corpus/docx/docx_ms_expansion_113_swiss-design-resume.docx,word,docx,private-source:b053143829f40367,Microsoft Office Word,16.0000,office-native;footnotes;endnotes;customxml;content-controls;track-changes;hyperlinks,private-evaluation-only,nightly,pass,,b053143829f40367abf1201d205621a2efa75f733babc262371fff90b216c92a,57729,parts=33; slides=0; charts=0; media=0; embeddings=0; private evaluation only; do not redistribute; private source redacted
docx_ms_expansion_114_pinstripes-business-cards,corpus/docx/docx_ms_expansion_114_pinstripes-business-cards.docx,word,docx,private-source:4babeb425d6f4bad,Microsoft Office Word,16.0000,office-native;media;footnotes;endnotes;customxml;content-controls,private-evaluation-only,nightly,pass,,4babeb425d6f4badc43c4ab378b2d227ad0b9303529fd17f7d83408054ecd08c,336564,parts=44; slides=0; charts=0; media=12; embeddings=0; private evaluation only; do not redistribute; private source redacted
docx_ms_expansion_115_small-business-startup-checklist,corpus/docx/docx_ms_expansion_115_small-business-startup-checklist.docx,word,docx,private-source:f0e8ca95312d16d0,Microsoft Office Word,16.0000,office-native;media;headers;footers;footnotes;endnotes;customxml;content-controls;fields,private-evaluation-only,nightly,pass,,f0e8ca95312d16d0522361e4c731e453391fb826e7ea7e06e460da9623e1a53e,174908,parts=37; slides=0; charts=0; media=1; embeddings=0; private evaluation only; do not redistribute; private source redacted
docx_ms_expansion_116_winter-holiday-party-checklist,corpus/docx/docx_ms_expansion_116_winter-holiday-party-checklist.docx,word,docx,private-source:1f547061ae30496e,Microsoft Office Word,16.0000,office-native;media;footnotes;endnotes;customxml;content-controls,private-evaluation-only,nightly,pass,,1f547061ae30496e5c73a3c7224aad625ce031b97cd4c34655727bc0bce3726b,950321,parts=34; slides=0; charts=0; media=3; embeddings=0; private evaluation only; do not redistribute; private source redacted
docx_ms_expansion_117_wdatevalueformat,corpus/docx/docx_ms_expansion_117_wdatevalueformat.docx,word,docx,private-source:63c9bcd86043557e,Microsoft Office Word,16.0000,office-native;media;headers;footers;footnotes;endnotes;customxml;fields;hyperlinks,private-evaluation-only,nightly,pass,,63c9bcd86043557e3f5639370dd99e92434cbcaba690eb2fdba9c0f3769068c4,105566,parts=25; slides=0; charts=0; media=3; embeddings=0; private evaluation only; do not redistribute; private source redacted
docx_ms_expansion_118_geometric-business-cards,corpus/docx/docx_ms_expansion_118_geometric-business-cards.docx,word,docx,private-source:2b676dc29923458a,Microsoft Office Word,16.0000,office-native;media;footnotes;endnotes;customxml;content-controls,private-evaluation-only,nightly,pass,,2b676dc29923458a8380f3256877048ab27a501e225e0d1614da4e7a23311dbb,381647,parts=44; slides=0; charts=0; media=9; embeddings=0; private evaluation only; do not redistribute; private source redacted
docx_ms_expansion_119_small-business-email-marketing-templ,corpus/docx/docx_ms_expansion_119_small-business-email-marketing-templ.docx,word,docx,private-source:82ca10ad55f1d8ff,Microsoft Office Word,16.0000,office-native;charts;media;embedded-objects;embedded-workbooks;footnotes;endnotes;customxml;content-controls;track-changes;hyperlinks,private-evaluation-only,nightly,pass,,82ca10ad55f1d8ff8181c71d44816f89f2db3860b88aeece5086777d7dc474fd,570541,parts=43; slides=0; charts=4; media=5; embeddings=1; private evaluation only; do not redistribute; private source redacted
docx_ms_expansion_120_whitepaper-with-cover-image,corpus/docx/docx_ms_expansion_120_whitepaper-with-cover-image.docx,word,docx,private-source:85f531bc87ab61d8,Microsoft Office Word,16.0000,office-native;media;footers;footnotes;endnotes;customxml;content-controls;fields;hyperlinks,private-evaluation-only,nightly,pass,,85f531bc87ab61d8d9b866171a1db431ec9ecb844c85961dc5f423994304dbbd,2786151,parts=33; slides=0; charts=0; media=6; embeddings=0; private evaluation only; do not redistribute; private source redacted
docx_ms_expansion_121_office-file,corpus/docx/docx_ms_expansion_121_office-file.docx,word,docx,private-source:c7b85afb70d8e032,Microsoft Office Word,16.0000,office-native;media;headers;footers;footnotes;endnotes;customxml;fields;hyperlinks,private-evaluation-only,nightly,pass,,c7b85afb70d8e032a0e42cb074030ce7dd48cd54d11aa4302af89222416e5d70,174692,parts=28; slides=0; charts=0; media=5; embeddings=0; private evaluation only; do not redistribute; private source redacted
docx_ms_expansion_122_eighties-business-cards,corpus/docx/docx_ms_expansion_122_eighties-business-cards.docx,word,docx,private-source:371a8517d13b132e,Microsoft Office Word,16.0000,office-native;footnotes;endnotes;customxml;content-controls;track-changes,private-evaluation-only,nightly,pass,,371a8517d13b132e1689d76c3ed7f4f7d3fe8e4ac6c6cc68309f985f2099ad13,406512,parts=35; slides=0; charts=0; media=0; embeddings=0; private evaluation only; do not redistribute; private source redacted
docx_ms_expansion_123_tdf164905,corpus/docx/docx_ms_expansion_123_tdf164905.docx,word,docx,private-source:9c6cc479ac7525b8,Microsoft Office Word,16.0000,office-native;headers;footers;footnotes;endnotes;customxml;content-controls;fields;hyperlinks,private-evaluation-only,nightly,pass,,9c6cc479ac7525b82ad609a6ddb629d74dc42d85a463fe4497f8c21c681adc80,46831,parts=26; slides=0; charts=0; media=0; embeddings=0; private evaluation only; do not redistribute; private source redacted
docx_ms_expansion_124_tdf154478,corpus/docx/docx_ms_expansion_124_tdf154478.docx,word,docx,private-source:2af13d3cd96caefb,Microsoft Office Word,16.0000,office-native;footnotes;endnotes;customxml;content-controls;track-changes;fields;hyperlinks,private-evaluation-only,nightly,pass,,2af13d3cd96caefbf45b149bd87cfb44e55a6a548eb3b65608e1387d54be605b,46878,parts=20; slides=0; charts=0; media=0; embeddings=0; private evaluation only; do not redistribute; private source redacted
docx_ms_expansion_126_bold-business-report,corpus/docx/docx_ms_expansion_126_bold-business-report.docx,word,docx,private-source:67ad9808eb88f4bd,Microsoft Office Word,16.0000,office-native;charts;media;embedded-objects;embedded-workbooks;headers;footers;footnotes;endnotes;customxml;content-controls;track-changes;fields,private-evaluation-only,nightly,pass,,67ad9808eb88f4bd0c0827ab2c7924677b486bba6ff198b9b73bc3af748b744c,9517365,parts=44; slides=0; charts=4; media=7; embeddings=1; private evaluation only; do not redistribute; private source redacted
docx_ms_expansion_127_fdo69649,corpus/docx/docx_ms_expansion_127_fdo69649.docx,word,docx,private-source:787153f47dc5184f,Microsoft Office Word,14.0000,office-native;headers;footers;footnotes;endnotes;customxml;content-controls;fields;hyperlinks,private-evaluation-only,nightly,pass,,787153f47dc5184fb997c884e56361f67de645cbb50ca783c6e02d0e0d55832f,35048,parts=24; slides=0; charts=0; media=0; embeddings=0; private evaluation only; do not redistribute; private source redacted
docx_ms_expansion_128_style-inheritance,corpus/docx/docx_ms_expansion_128_style-inheritance.docx,word,docx,private-source:139ff6b6f6e6ab9b,Microsoft Office Word,15.0000,office-native;footers;footnotes;endnotes;customxml;content-controls;fields;hyperlinks,private-evaluation-only,nightly,pass,,139ff6b6f6e6ab9b00a57887ddf58a02d901cc0f31e22b73899d6066a8fe3d4e,26321,parts=19; slides=0; charts=0; media=0; embeddings=0; private evaluation only; do not redistribute; private source redacted
docx_ms_expansion_130_classroom-newsletter,corpus/docx/docx_ms_expansion_130_classroom-newsletter.docx,word,docx,private-source:bdf906707438844c,Microsoft Office Word,16.0000,office-native;media;footnotes;endnotes;customxml;content-controls;track-changes,private-evaluation-only,nightly,pass,,bdf906707438844cf8e07b83085f2edd822bef494f490bb6ea62b07fcaaac7cf,236336,parts=33; slides=0; charts=0; media=2; embeddings=0; private evaluation only; do not redistribute; private source redacted
docx_ms_expansion_131_restaurant-brochure,corpus/docx/docx_ms_expansion_131_restaurant-brochure.docx,word,docx,private-source:291e59768f0f1e31,Microsoft Office Word,16.0000,office-native;media;headers;footnotes;endnotes;customxml;content-controls,private-evaluation-only,nightly,pass,,291e59768f0f1e31a73e586b7a3886a4d799547f9f2539227d558066ffafb581,2234107,parts=61; slides=0; charts=0; media=23; embeddings=0; private evaluation only; do not redistribute; private source redacted
docx_ms_expansion_132_invoice-document,corpus/docx/docx_ms_expansion_132_invoice-document.docx,word,docx,private-source:7a2e7f6e1dda0b9d,Microsoft Office Word,16.0000,office-native;headers;footers;footnotes;endnotes;content-controls;fields,private-evaluation-only,nightly,pass,,7a2e7f6e1dda0b9df89255b2bb60cd5aa19c643fa9c7fd69581306b5c0133b98,42558,parts=29; slides=0; charts=0; media=0; embeddings=0; private evaluation only; do not redistribute; private source redacted
docx_ms_expansion_134_demo,corpus/docx/docx_ms_expansion_134_demo.docx,word,docx,private-source:a253ceb6d1d2ad80,Microsoft Office Word,16.0000,office-native;media;headers;footers;footnotes;endnotes;customxml;content-controls;fields,private-evaluation-only,nightly,pass,,a253ceb6d1d2ad8033cb5657f914c5cc01fa39b88f8c71892e5a92c8e3513026,1118738,parts=35; slides=0; charts=0; media=5; embeddings=0; private evaluation only; do not redistribute; private source redacted
docx_ms_expansion_135_1-resume-docx,corpus/docx/docx_ms_expansion_135_1-resume-docx.docx,word,docx,private-source:e3439e8e27fdc7e8,Microsoft Office Word,16.0000,office-native;media;customxml,private-evaluation-only,nightly,pass,,e3439e8e27fdc7e87f1b98c28e1f7920f4ae341866c0faac818d33d33677fca0,1909942,parts=18; slides=0; charts=0; media=3; embeddings=0; private evaluation only; do not redistribute; private source redacted
docx_ms_expansion_136_1-resume-docx,corpus/docx/docx_ms_expansion_136_1-resume-docx.docx,word,docx,private-source:6dceaa889d1f27ee,Microsoft Office Word,16.0000,office-native;media;customxml,private-evaluation-only,nightly,pass,,6dceaa889d1f27ee6b66747c8088c9196ab9a17dba38271b7cc7cbdd73f02989,1910614,parts=17; slides=0; charts=0; media=2; embeddings=0; private evaluation only; do not redistribute; private source redacted
docx_ms_expansion_137_mba,corpus/docx/docx_ms_expansion_137_mba.docx,word,docx,private-source:335b0b3773be6b82,Microsoft Macintosh Word,15.0000,office-native;footers;footnotes;endnotes;fields;hyperlinks,private-evaluation-only,nightly,pass,,335b0b3773be6b82f57f115d0d3c252ef2b422921ecc2df2592288bd9de8bcd5,35069,parts=16; slides=0; charts=0; media=0; embeddings=0; private evaluation only; do not redistribute; private source redacted
docx_ms_expansion_138_reader,corpus/docx/docx_ms_expansion_138_reader.docx,word,docx,private-source:3957ed4690a4c9d5,Microsoft Macintosh Word,15.0000,office-native;media;embedded-objects;embedded-workbooks;headers;footers;footnotes;endnotes;customxml;fields;hyperlinks,private-evaluation-only,nightly,pass,,3957ed4690a4c9d52cc68752e22322a9080d99eda45d999e8362a1e7dd745631,105726,parts=27; slides=0; charts=0; media=2; embeddings=1; private evaluation only; do not redistribute; private source redacted
docx_ms_expansion_139_reimbursement-form,corpus/docx/docx_ms_expansion_139_reimbursement-form.docx,word,docx,private-source:8e730e16cc023971,Microsoft Office Word,16.0000,office-native;media;footnotes;endnotes;customxml;content-controls,private-evaluation-only,nightly,pass,,8e730e16cc0239711e2b1c70c1c039e75fbcac4e03c8a588a9e30d8e02f6afe8,2304148,parts=43; slides=0; charts=0; media=3; embeddings=0; private evaluation only; do not redistribute; private source redacted
docx_ms_expansion_140_headshot-cover-letter,corpus/docx/docx_ms_expansion_140_headshot-cover-letter.docx,word,docx,private-source:35934555c6e1e89e,Microsoft Office Word,16.0000,office-native;media;headers;footers;footnotes;endnotes;customxml;content-controls;track-changes,private-evaluation-only,nightly,pass,,35934555c6e1e89ecb922762fce431ef21f3a0eeab3b72128d80f4b64cbd3be6,2323569,parts=47; slides=0; charts=0; media=1; embeddings=0; private evaluation only; do not redistribute; private source redacted
docx_ms_expansion_141_fdo58949,corpus/docx/docx_ms_expansion_141_fdo58949.docx,word,docx,private-source:91bf3704ada1c1f0,Microsoft Office Word,12.0000,office-native;media;embedded-objects;embedded-workbooks;equations;footers;footnotes;endnotes;fields,private-evaluation-only,nightly,pass,,91bf3704ada1c1f0a2ed80130a51aa322d197a7ed7908461453f10f27dc5ad62,26510,parts=23; slides=0; charts=0; media=3; embeddings=3; private evaluation only; do not redistribute; private source redacted
docx_ms_expansion_142_tdf158360,corpus/docx/docx_ms_expansion_142_tdf158360.docx,word,docx,private-source:c94e2eb5aa191c4a,Microsoft Office Word,16.0000,office-native;headers;footers;footnotes;endnotes;customxml;content-controls;fields;hyperlinks,private-evaluation-only,nightly,pass,,c94e2eb5aa191c4a15d6b88cc841f0f156041213a53a73c315f8ea0d96973e4e,27389,parts=24; slides=0; charts=0; media=0; embeddings=0; private evaluation only; do not redistribute; private source redacted
docx_ms_expansion_143_tdf155736-pagenumbers-footer,corpus/docx/docx_ms_expansion_143_tdf155736-pagenumbers-footer.docx,word,docx,private-source:f062b698b06742b3,Microsoft Office Word,16.0000,office-native;headers;footers;footnotes;endnotes;customxml;content-controls;fields;hyperlinks,private-evaluation-only,nightly,pass,,f062b698b06742b3716012d5518db8c7d38413e82cdafc411c40ebdcb810a619,29799,parts=27; slides=0; charts=0; media=0; embeddings=0; private evaluation only; do not redistribute; private source redacted
docx_ms_expansion_144_a4-manfred-martinsson,corpus/docx/docx_ms_expansion_144_a4-manfred-martinsson.docx,word,docx,private-source:e5e5006be9eab842,Microsoft Office Word,16.0000,office-native;media;hyperlinks,private-evaluation-only,nightly,pass,,e5e5006be9eab8425b0da63cddb5e1bb0c6126b610740c0ce4d52ad062bc8f3f,56710,parts=35; slides=0; charts=0; media=23; embeddings=0; private evaluation only; do not redistribute; private source redacted
docx_ms_expansion_145_manfred-martinsson,corpus/docx/docx_ms_expansion_145_manfred-martinsson.docx,word,docx,private-source:75fb22f5f991ccca,Microsoft Office Word,16.0000,office-native;media;hyperlinks,private-evaluation-only,nightly,pass,,75fb22f5f991cccab4c608b7fe6ae25812826ea5f53266d87c92a8210ecb5bd0,57032,parts=35; slides=0; charts=0; media=23; embeddings=0; private evaluation only; do not redistribute; private source redacted
docx_ms_expansion_146_geometric-cover-letter,corpus/docx/docx_ms_expansion_146_geometric-cover-letter.docx,word,docx,private-source:d0e4245a88e87c5b,Microsoft Office Word,16.0000,office-native;footnotes;endnotes;customxml;content-controls;track-changes,private-evaluation-only,nightly,pass,,d0e4245a88e87c5bc38da55e0ba17bc5f30e4572d0533235adec6660164ec2f3,81150,parts=32; slides=0; charts=0; media=0; embeddings=0; private evaluation only; do not redistribute; private source redacted
docx_ms_expansion_147_basic-business-card,corpus/docx/docx_ms_expansion_147_basic-business-card.docx,word,docx,private-source:e9eccfcd9954c5f5,Microsoft Office Word,16.0000,office-native;footnotes;endnotes;customxml;content-controls,private-evaluation-only,nightly,pass,,e9eccfcd9954c5f56c50d67530c20ec30a6b9888c9955e6b9ec86c85d52e34bb,85921,parts=38; slides=0; charts=0; media=0; embeddings=0; private evaluation only; do not redistribute; private source redacted
docx_ms_expansion_148_fdo74605,corpus/docx/docx_ms_expansion_148_fdo74605.docx,word,docx,private-source:544679e2061bae7b,Microsoft Office Word,14.0000,office-native;headers;footers;footnotes;endnotes;customxml;content-controls;fields,private-evaluation-only,nightly,pass,,544679e2061bae7bc34ae322afcfda5d4c7c1e451a0d3845af3900979535c91e,180916,parts=38; slides=0; charts=0; media=0; embeddings=0; private evaluation only; do not redistribute; private source redacted
docx_ms_expansion_149_interior-design-cv-resume,corpus/docx/docx_ms_expansion_149_interior-design-cv-resume.docx,word,docx,private-source:0e61848a6754488f,Microsoft Office Word,16.0000,office-native;media;hyperlinks,private-evaluation-only,nightly,pass,,0e61848a6754488f0c3656cc7f095f955186b7193b03a71b3aa6e4baa9b05f51,3313479,parts=29; slides=0; charts=0; media=17; embeddings=0; private evaluation only; do not redistribute; private source redacted
docx_ms_expansion_150_floatingtbl-with-formula,corpus/docx/docx_ms_expansion_150_floatingtbl-with-formula.docx,word,docx,private-source:4aa628bda291091a,Microsoft Office Word,12.0000,office-native;equations;footers;footnotes;endnotes;customxml;content-controls;fields,private-evaluation-only,nightly,pass,,4aa628bda291091a6b19ddc1ad9239f0b9ff8a0769844363fe7a45d9867d4905,17046,parts=17; slides=0; charts=0; media=0; embeddings=0; private evaluation only; do not redistribute; private source redacted
docx_ms_expansion_151_tdf149555,corpus/docx/docx_ms_expansion_151_tdf149555.docx,word,docx,private-source:abef832121138674,Microsoft Office Word,16.0000,office-native;headers;footers;footnotes;endnotes;customxml;content-controls;fields;hyperlinks,private-evaluation-only,nightly,pass,,abef8321211386748bd58b4489d8170809c303dfb1d588f374d5f9c7936804e8,20132,parts=19; slides=0; charts=0; media=0; embeddings=0; private evaluation only; do not redistribute; private source redacted
docx_ms_expansion_152_tdf127814,corpus/docx/docx_ms_expansion_152_tdf127814.docx,word,docx,private-source:512aa398fedf4a98,Microsoft Office Word,15.0000,office-native;headers;footers;footnotes;endnotes;customxml;content-controls;track-changes;fields,private-evaluation-only,nightly,pass,,512aa398fedf4a98a7e57f7d81b9c1095088851735f9d24b54acd354ec6f923b,29713,parts=27; slides=0; charts=0; media=0; embeddings=0; private evaluation only; do not redistribute; private source redacted
docx_ms_expansion_153_2120112713,corpus/docx/docx_ms_expansion_153_2120112713.docx,word,docx,private-source:0d6777d1574d198a,Microsoft Office Word,14.0000,office-native;equations;footers;footnotes;endnotes;customxml;content-controls;fields,private-evaluation-only,nightly,pass,,0d6777d1574d198afd8caaa08b02571bc22c622d71628702c35b896f7689518b,41022,parts=19; slides=0; charts=0; media=0; embeddings=0; private evaluation only; do not redistribute; private source redacted
docx_ms_expansion_154_tdf143384-tableinfoot-negativemargin,corpus/docx/docx_ms_expansion_154_tdf143384-tableinfoot-negativemargin.docx,word,docx,private-source:38fe28f6d458eee5,Microsoft Office Word,16.0000,office-native;headers;footers;footnotes;endnotes;customxml;fields,private-evaluation-only,nightly,pass,,38fe28f6d458eee513f35e96d0cc4c650c1205812c26e1f814d4b9a76a17da3f,58566,parts=23; slides=0; charts=0; media=0; embeddings=0; private evaluation only; do not redistribute; private source redacted
docx_ms_expansion_155_sample-11-readword2007,corpus/docx/docx_ms_expansion_155_sample-11-readword2007.docx,word,docx,private-source:05019ac5727f0aef,Microsoft Office Word,16.0000,office-native;media;headers;footers;footnotes;endnotes;customxml;track-changes;fields;hyperlinks,private-evaluation-only,nightly,pass,,05019ac5727f0aefa47d2f51dfc3da08b7815534f0e058fb78245105e4b3895d,63832,parts=24; slides=0; charts=0; media=1; embeddings=0; private evaluation only; do not redistribute; private source redacted
docx_ms_expansion_156_tdf167527-title-letters-cut-from-bel,corpus/docx/docx_ms_expansion_156_tdf167527-title-letters-cut-from-bel.docx,word,docx,private-source:a32dec1f63915103,Microsoft Office Word,16.0000,office-native;media;headers;footers;footnotes;endnotes;customxml;content-controls;fields,private-evaluation-only,nightly,pass,,a32dec1f63915103f7e7f5049a776b0cb5168ecff5b94415c08f202e4da2193a,64457,parts=36; slides=0; charts=0; media=1; embeddings=0; private evaluation only; do not redistribute; private source redacted
docx_ms_expansion_157_tdf146802,corpus/docx/docx_ms_expansion_157_tdf146802.docx,word,docx,private-source:dd184d0235e71832,Microsoft Office Word,16.0000,office-native;media;embedded-objects;embedded-workbooks;headers;footers;footnotes;endnotes;customxml;content-controls;fields,private-evaluation-only,nightly,pass,,dd184d0235e718325d8fb777e0b935bd175d78ec787afdc88c75566557674a52,72360,parts=23; slides=0; charts=0; media=1; embeddings=2; private evaluation only; do not redistribute; private source redacted
docx_ms_expansion_158_organic-shapes-letterhead,corpus/docx/docx_ms_expansion_158_organic-shapes-letterhead.docx,word,docx,private-source:947847158978ed37,Microsoft Office Word,16.0000,office-native;headers;footers;footnotes;endnotes;customxml;content-controls;track-changes,private-evaluation-only,nightly,pass,,947847158978ed37158c4f68a1d52e2993793c5fc74a1375b94ec9da3596d343,89608,parts=38; slides=0; charts=0; media=0; embeddings=0; private evaluation only; do not redistribute; private source redacted
docx_ms_expansion_159_resume-a4,corpus/docx/docx_ms_expansion_159_resume-a4.docx,word,docx,private-source:6ed425e25cddae08,Microsoft Office Word,16.0000,office-native;media;hyperlinks,private-evaluation-only,nightly,pass,,6ed425e25cddae08dd0d11f5c67ad8baba08acbaf5c21642259a68393d6d5ead,129847,parts=15; slides=0; charts=0; media=4; embeddings=0; private evaluation only; do not redistribute; private source redacted
docx_ms_expansion_160_tdf160077-layoutincellb,corpus/docx/docx_ms_expansion_160_tdf160077-layoutincellb.docx,word,docx,private-source:152d87fe1861bed4,Microsoft Office Word,16.0000,office-native;headers;footers;footnotes;endnotes;content-controls;track-changes;fields,private-evaluation-only,nightly,pass,,152d87fe1861bed4f537ef7d1ba237e654a9656636e353c3679be27bbea35ee0,163655,parts=24; slides=0; charts=0; media=0; embeddings=0; private evaluation only; do not redistribute; private source redacted
docx_ms_expansion_161_tdf166205-first-page-header-footer-v,corpus/docx/docx_ms_expansion_161_tdf166205-first-page-header-footer-v.docx,word,docx,private-source:26c6feb94e88727b,Microsoft Office Word,16.0000,office-native;media;headers;footers;footnotes;endnotes;customxml,private-evaluation-only,nightly,pass,,26c6feb94e88727b91be789424ca0908e2312e8d57405e22e6bc9071c273644b,193373,parts=38; slides=0; charts=0; media=1; embeddings=0; private evaluation only; do not redistribute; private source redacted
docx_ms_expansion_162_playful-business-cover-letter,corpus/docx/docx_ms_expansion_162_playful-business-cover-letter.docx,word,docx,private-source:ad3ed0bf9386fd73,Microsoft Office Word,16.0000,office-native;media;headers;footers;footnotes;endnotes;customxml;content-controls;track-changes,private-evaluation-only,nightly,pass,,ad3ed0bf9386fd73e664810eff7137f1c8ae3ad90cc354491be4ebc7e07d056f,469403,parts=52; slides=0; charts=0; media=10; embeddings=0; private evaluation only; do not redistribute; private source redacted
docx_ms_expansion_163_mergers-acquisitions-report,corpus/docx/docx_ms_expansion_163_mergers-acquisitions-report.docx,word,docx,private-source:ae1a942406cce0b3,Microsoft Office Word,16.0000,office-native;media;headers;footnotes;endnotes;customxml;content-controls;fields,private-evaluation-only,nightly,pass,,ae1a942406cce0b3031f2ffe96be028db7b5f1ba2b735781accc04923c2d8b41,1785059,parts=34; slides=0; charts=0; media=7; embeddings=0; private evaluation only; do not redistribute; private source redacted
docx_ms_expansion_164_2120112713-openbrace,corpus/docx/docx_ms_expansion_164_2120112713-openbrace.docx,word,docx,private-source:7a61d8569f9c5dc1,Microsoft Office Word,14.0000,office-native;equations;footers;footnotes;endnotes;customxml;fields,private-evaluation-only,nightly,pass,,7a61d8569f9c5dc1eba49bb05416933998b0c0203216233aed63f6519e36308e,23146,parts=19; slides=0; charts=0; media=0; embeddings=0; private evaluation only; do not redistribute; private source redacted
docx_ms_expansion_165_fdo79973,corpus/docx/docx_ms_expansion_165_fdo79973.docx,word,docx,private-source:3489ebc91940b94b,Microsoft Office Word,14.0000,office-native;equations;footers;footnotes;endnotes;content-controls;fields,private-evaluation-only,nightly,pass,,3489ebc91940b94bf75686c34c965b0b34128b3a2916d06db32e2717d6b1f362,23715,parts=16; slides=0; charts=0; media=0; embeddings=0; private evaluation only; do not redistribute; private source redacted
docx_ms_expansion_166_tablecurrupt,corpus/docx/docx_ms_expansion_166_tablecurrupt.docx,word,docx,private-source:98ae9de23e4b4fe9,Microsoft Office Word,14.0000,office-native;equations;headers;footnotes;endnotes;customxml;fields,private-evaluation-only,nightly,pass,,98ae9de23e4b4fe965381cb994003877f6747bd67961566d4090a902fd8c324d,28750,parts=21; slides=0; charts=0; media=0; embeddings=0; private evaluation only; do not redistribute; private source redacted
docx_ms_expansion_167_tdf166850,corpus/docx/docx_ms_expansion_167_tdf166850.docx,word,docx,private-source:7f9ca39144a434d2,Microsoft Office Word,16.0000,office-native;headers;footers;footnotes;endnotes;customxml;content-controls;fields;hyperlinks,private-evaluation-only,nightly,pass,,7f9ca39144a434d2d3b2ca44c30ec4783913ef89243f53e25a48ba641007a53c,31409,parts=25; slides=0; charts=0; media=0; embeddings=0; private evaluation only; do not redistribute; private source redacted
docx_ms_expansion_168_04-kathrine-lovins,corpus/docx/docx_ms_expansion_168_04-kathrine-lovins.docx,word,docx,private-source:84948ce78338cd7c,Microsoft Office Word,16.0000,office-native;media;hyperlinks,private-evaluation-only,nightly,pass,,84948ce78338cd7c934eb564b169ba04259ab162b858f462b9fb734c75d814c2,48149,parts=21; slides=0; charts=0; media=9; embeddings=0; private evaluation only; do not redistribute; private source redacted
docx_ms_expansion_169_modern-initials-resume,corpus/docx/docx_ms_expansion_169_modern-initials-resume.docx,word,docx,private-source:f3bc6fa5f11c7408,Microsoft Office Word,16.0000,office-native;footnotes;endnotes;customxml;content-controls,private-evaluation-only,nightly,pass,,f3bc6fa5f11c7408d90d917c28c9ec79fd01aa8cddd88c6012e03216d732baf4,48213,parts=32; slides=0; charts=0; media=0; embeddings=0; private evaluation only; do not redistribute; private source redacted
docx_ms_expansion_170_test-segfault-while-save,corpus/docx/docx_ms_expansion_170_test-segfault-while-save.docx,word,docx,private-source:3c3a60e1a60fc022,Microsoft Office Word,14.0000,office-native;headers;footers;footnotes;endnotes;customxml;content-controls;fields,private-evaluation-only,nightly,pass,,3c3a60e1a60fc022d043fbac07985552b76677a5b64b525ca61b7aea743040e7,55619,parts=29; slides=0; charts=0; media=0; embeddings=0; private evaluation only; do not redistribute; private source redacted
docx_ms_expansion_171_tdf169843,corpus/docx/docx_ms_expansion_171_tdf169843.docx,word,docx,private-source:7e788bd74ab138af,Microsoft Word for the web,16.0000,office-native;equations;footnotes;endnotes;customxml,private-evaluation-only,nightly,pass,,7e788bd74ab138afa6102ae29afba5d368429b8cc9e200007515465c1b3c3324,56944,parts=17; slides=0; charts=0; media=0; embeddings=0; private evaluation only; do not redistribute; private source redacted
docx_ms_expansion_172_floattable-from-bottom,corpus/docx/docx_ms_expansion_172_floattable-from-bottom.docx,word,docx,private-source:a2386f32fff01242,Microsoft Office Word,16.0000,office-native;headers;footers;footnotes;endnotes;customxml;fields;hyperlinks,private-evaluation-only,nightly,pass,,a2386f32fff01242b4faf43362f1be10b7be995443a262e74146ef092d6f7c81,59718,parts=38; slides=0; charts=0; media=0; embeddings=0; private evaluation only; do not redistribute; private source redacted
docx_ms_expansion_173_resume,corpus/docx/docx_ms_expansion_173_resume.docx,word,docx,private-source:badfa6a9b65d551d,Microsoft Office Word,16.0000,office-native;media;customxml,private-evaluation-only,nightly,pass,,badfa6a9b65d551dc364b5e86992e44e0ac84e65b0dc92c128cc8256c8944c1a,142612,parts=17; slides=0; charts=0; media=2; embeddings=0; private evaluation only; do not redistribute; private source redacted
docx_ms_expansion_174_bauhaus-shape-creative-agency-brand-,corpus/docx/docx_ms_expansion_174_bauhaus-shape-creative-agency-brand-.docx,word,docx,private-source:b9d0d9ef52b4ab8a,Microsoft Office Word,16.0000,office-native;media;hyperlinks,private-evaluation-only,nightly,pass,,b9d0d9ef52b4ab8a985b532867f45205026e731fe290f5bdbb7b7b19b66d37aa,175501,parts=24; slides=0; charts=0; media=12; embeddings=0; private evaluation only; do not redistribute; private source redacted
docx_ms_expansion_175_childrens-s-holiday-wish-list,corpus/docx/docx_ms_expansion_175_childrens-s-holiday-wish-list.docx,word,docx,private-source:8386cc004422d051,Microsoft Office Word,16.0000,office-native;media;headers;footers;footnotes;endnotes;customxml;content-controls,private-evaluation-only,nightly,pass,,8386cc004422d051c59a8b1210ec6fd79f6413e8a195de35fce8669fe3fc37d9,2612544,parts=39; slides=0; charts=0; media=4; embeddings=0; private evaluation only; do not redistribute; private source redacted
docx_ms_expansion_176_equationasscientificnumbering,corpus/docx/docx_ms_expansion_176_equationasscientificnumbering.docx,word,docx,private-source:34b4729cb333ebd3,Microsoft Office Word,14.0000,office-native;equations;footnotes;endnotes;customxml;fields,private-evaluation-only,nightly,pass,,34b4729cb333ebd321bd48c171ecd45689cf4611086b836a2264bda0c9d8293b,16850,parts=17; slides=0; charts=0; media=0; embeddings=0; private evaluation only; do not redistribute; private source redacted
docx_ms_expansion_177_tdf162070-export,corpus/docx/docx_ms_expansion_177_tdf162070-export.docx,word,docx,private-source:05ee4a1df14d6e39,Microsoft Office Word,15.0000,office-native;equations;headers;footers;footnotes;endnotes,private-evaluation-only,nightly,pass,,05ee4a1df14d6e39104a302520d87c9d9fc35cdfe12f95e0c751f11325cdce80,18161,parts=20; slides=0; charts=0; media=0; embeddings=0; private evaluation only; do not redistribute; private source redacted
docx_ms_expansion_178_tdf149649,corpus/docx/docx_ms_expansion_178_tdf149649.docx,word,docx,private-source:7c45621f63ac7094,Microsoft Office Word,16.0000,office-native;headers;footers;footnotes;endnotes;customxml;fields,private-evaluation-only,nightly,pass,,7c45621f63ac70940677fbf4a1fd268707f933dc52a073914fcf04f58fb6b85e,26280,parts=22; slides=0; charts=0; media=0; embeddings=0; private evaluation only; do not redistribute; private source redacted
docx_ms_expansion_179_floattable-header,corpus/docx/docx_ms_expansion_179_floattable-header.docx,word,docx,private-source:091bdb009036119c,Microsoft Office Word,16.0000,office-native;media;headers;footers;footnotes;endnotes;customxml,private-evaluation-only,nightly,pass,,091bdb009036119cb2caa2ba0e4828541c5dd2962de8924a6095760a07c4801b,34658,parts=24; slides=0; charts=0; media=1; embeddings=0; private evaluation only; do not redistribute; private source redacted
docx_ms_expansion_180_tdf170171,corpus/docx/docx_ms_expansion_180_tdf170171.docx,word,docx,private-source:880ea2bcd0febc85,Microsoft Word for the web,16.0000,office-native;equations;footers;footnotes;endnotes;customxml,private-evaluation-only,nightly,pass,,880ea2bcd0febc85e7706c0cb9d11db06357e96c438ebcc3316bed397d784260,39939,parts=18; slides=0; charts=0; media=0; embeddings=0; private evaluation only; do not redistribute; private source redacted
docx_ms_expansion_181_alt-chunk-header,corpus/docx/docx_ms_expansion_181_alt-chunk-header.docx,word,docx,private-source:ee33b932a6c31f43,Microsoft Office Word,16.0000,office-native;media;headers;footers;footnotes;endnotes;customxml;fields,private-evaluation-only,nightly,pass,,ee33b932a6c31f430bc8a6e450592970419b0bcc155e5c9884065602b9c733b8,77621,parts=37; slides=0; charts=0; media=2; embeddings=0; private evaluation only; do not redistribute; private source redacted
docx_ms_expansion_182_modern-chronological-resume,corpus/docx/docx_ms_expansion_182_modern-chronological-resume.docx,word,docx,private-source:feec6326dec1176b,Microsoft Office Word,16.0000,office-native;media;footnotes;endnotes;customxml;content-controls,private-evaluation-only,nightly,pass,,feec6326dec1176bc813096e7998661256c4734c082f08776a5daa87e61de28c,83737,parts=37; slides=0; charts=0; media=2; embeddings=0; private evaluation only; do not redistribute; private source redacted
docx_ms_expansion_183_modern-calendar-with-highlights,corpus/docx/docx_ms_expansion_183_modern-calendar-with-highlights.docx,word,docx,private-source:2cf8ceb6ccb3e480,Microsoft Office Word,16.0000,office-native;footnotes;endnotes;customxml,private-evaluation-only,nightly,pass,,2cf8ceb6ccb3e480830ad84167340cc034cb9c13fc13aa7b87b22220dbe65cd4,96034,parts=28; slides=0; charts=0; media=0; embeddings=0; private evaluation only; do not redistribute; private source redacted
docx_ms_expansion_184_photo-cover-letter,corpus/docx/docx_ms_expansion_184_photo-cover-letter.docx,word,docx,private-source:4b1d4ce2a10a8c6e,Microsoft Office Word,16.0000,office-native;media;footnotes;endnotes;customxml;content-controls;track-changes,private-evaluation-only,nightly,pass,,4b1d4ce2a10a8c6e6402826a65562aa1a996eafd07d93cf5147bf41f6e4259b9,1889903,parts=51; slides=0; charts=0; media=15; embeddings=0; private evaluation only; do not redistribute; private source redacted
docx_ms_expansion_185_tdf171433-equation,corpus/docx/docx_ms_expansion_185_tdf171433-equation.docx,word,docx,private-source:fec0679934772958,Microsoft Office Word,16.0000,office-native;equations;footnotes;endnotes;customxml,private-evaluation-only,nightly,pass,,fec06799347729584a52ff83f20609b2856d36a43229f646f6a45ee5f63866a2,16729,parts=16; slides=0; charts=0; media=0; embeddings=0; private evaluation only; do not redistribute; private source redacted
docx_ms_expansion_186_tdf119952-negativemargins,corpus/docx/docx_ms_expansion_186_tdf119952-negativemargins.docx,word,docx,private-source:29fd043aff780f8b,Microsoft Office Word,16.0000,office-native;headers;footers;footnotes;endnotes;customxml,private-evaluation-only,nightly,pass,,29fd043aff780f8bc8c40be4ec20cdfae18503f0a217d7cea533eea056f5faaa,23533,parts=22; slides=0; charts=0; media=0; embeddings=0; private evaluation only; do not redistribute; private source redacted
docx_ms_expansion_187_tdf159032,corpus/docx/docx_ms_expansion_187_tdf159032.docx,word,docx,private-source:c153a3ec445e81c3,Microsoft Office Word,16.0000,office-native;footers;footnotes;endnotes;customxml;content-controls,private-evaluation-only,nightly,pass,,c153a3ec445e81c3289852b39ee96c6552c58894d747eeb85a719d32e67ba97e,23567,parts=19; slides=0; charts=0; media=0; embeddings=0; private evaluation only; do not redistribute; private source redacted
docx_ms_expansion_188_floattable-header-overlap,corpus/docx/docx_ms_expansion_188_floattable-header-overlap.docx,word,docx,private-source:ae4470931d6ec342,Microsoft Office Word,16.0000,office-native;headers;footers;footnotes;endnotes;fields,private-evaluation-only,nightly,pass,,ae4470931d6ec3425e4525c3b2b7841e194bd233b27b4c850c6757a3d3ff15e3,23584,parts=18; slides=0; charts=0; media=0; embeddings=0; private evaluation only; do not redistribute; private source redacted
docx_ms_expansion_189_fly-minimal-wrap,corpus/docx/docx_ms_expansion_189_fly-minimal-wrap.docx,word,docx,private-source:c0d31fdd0becbeea,Microsoft Office Word,16.0000,office-native;headers;footers;footnotes;endnotes;customxml,private-evaluation-only,nightly,pass,,c0d31fdd0becbeea34d7c172fe04a07e787fea833d941b83c989f4343226f7c2,24388,parts=18; slides=0; charts=0; media=0; embeddings=0; private evaluation only; do not redistribute; private source redacted
docx_ms_expansion_190_fdo78333-1-minimized,corpus/docx/docx_ms_expansion_190_fdo78333-1-minimized.docx,word,docx,private-source:53f7bc758d6c7496,Microsoft Office Word,16.0000,office-native;footnotes;endnotes;customxml;content-controls,private-evaluation-only,nightly,pass,,53f7bc758d6c7496b37574dd2a49ec12c20fcff85cfc19655d35ba4bc39cbcd0,27391,parts=20; slides=0; charts=0; media=0; embeddings=0; private evaluation only; do not redistribute; private source redacted
docx_ms_expansion_191_tdf145215,corpus/docx/docx_ms_expansion_191_tdf145215.docx,word,docx,private-source:7cc06fe4db187319,Microsoft Office Word,16.0000,office-native;footnotes;endnotes;customxml;fields,private-evaluation-only,nightly,pass,,7cc06fe4db187319914a5f1a63df9c20ae0a03c4458868721e54a3c78da4b467,37477,parts=18; slides=0; charts=0; media=0; embeddings=0; private evaluation only; do not redistribute; private source redacted
docx_ms_expansion_192_floattable-negative-height,corpus/docx/docx_ms_expansion_192_floattable-negative-height.docx,word,docx,private-source:7fd81082dbbfc2e1,Microsoft Office Word,16.0000,office-native;headers;footers;footnotes;endnotes;customxml,private-evaluation-only,nightly,pass,,7fd81082dbbfc2e1bb7b8ab60ad9e5ac7bbbba79a8611eaab1696f614a2f4516,39432,parts=32; slides=0; charts=0; media=0; embeddings=0; private evaluation only; do not redistribute; private source redacted
docx_ms_expansion_193_tdf134987,corpus/docx/docx_ms_expansion_193_tdf134987.docx,word,docx,private-source:9265c87ef4644515,Microsoft Office Word,16.0000,office-native;charts;embedded-objects;embedded-workbooks;equations,private-evaluation-only,nightly,pass,,9265c87ef46445151b7f7526640454e12df3c86f912a8dc83c5a54801a58dee0,39541,parts=21; slides=0; charts=8; media=0; embeddings=2; private evaluation only; do not redistribute; private source redacted
docx_ms_expansion_194_mixednumberings,corpus/docx/docx_ms_expansion_194_mixednumberings.docx,word,docx,private-source:5b9540e909559942,Microsoft Office Word,16.0000,office-native;headers;footnotes;endnotes;customxml,private-evaluation-only,nightly,pass,,5b9540e909559942be818313a31781857df75e7d2e9c80893cac11f59e46f2be,45527,parts=18; slides=0; charts=0; media=0; embeddings=0; private evaluation only; do not redistribute; private source redacted
docx_ms_expansion_195_tdf107111,corpus/docx/docx_ms_expansion_195_tdf107111.docx,word,docx,private-source:feae325324909289,Microsoft Office Word,14.0000,office-native;media;headers;footers;footnotes;endnotes;customxml;content-controls;fields;hyperlinks,private-evaluation-only,nightly,pass,,feae325324909289a1cfd15da53ac7876f12eaeb261bc9af5ed0f8a5d8bd3625,451082,parts=24; slides=0; charts=0; media=1; embeddings=0; private evaluation only; do not redistribute; private source redacted
docx_ms_expansion_196_bunny-ears-easter-party-flyer,corpus/docx/docx_ms_expansion_196_bunny-ears-easter-party-flyer.docx,word,docx,private-source:b2310617c60d495b,Microsoft Office Word,16.0000,office-native;media;headers;footnotes;endnotes;customxml;content-controls;track-changes,private-evaluation-only,nightly,pass,,b2310617c60d495b4cd125c9f16483d32aaaf8701b60f7a64cd395ab6ca70214,1041935,parts=37; slides=0; charts=0; media=1; embeddings=0; private evaluation only; do not redistribute; private source redacted
docx_ms_expansion_197_business-report-prefiessional-design,corpus/docx/docx_ms_expansion_197_business-report-prefiessional-design.docx,word,docx,private-source:68276b28f080c6d5,Microsoft Office Word,16.0000,office-native;media;headers;footers;footnotes;endnotes;customxml;content-controls;fields,private-evaluation-only,nightly,pass,,68276b28f080c6d5b5d6f03d5c9c3dca3fc6d095a6d1ebd7c7b7317bba5f24a7,1356027,parts=30; slides=0; charts=0; media=1; embeddings=0; private evaluation only; do not redistribute; private source redacted
docx_ms_expansion_198_equationwithaboveandbelowcaption,corpus/docx/docx_ms_expansion_198_equationwithaboveandbelowcaption.docx,word,docx,private-source:c374744274fc17a8,Microsoft Office Word,14.0000,office-native;equations;customxml;fields,private-evaluation-only,nightly,pass,,c374744274fc17a8963628b3def12a872862da978db000922b36724d8fbf2a59,15211,parts=15; slides=0; charts=0; media=0; embeddings=0; private evaluation only; do not redistribute; private source redacted
docx_ms_expansion_199_tdf123054,corpus/docx/docx_ms_expansion_199_tdf123054.docx,word,docx,private-source:bf1b555eb6e28ad3,Microsoft Office Word,16.0000,office-native;footnotes;endnotes;customxml;track-changes,private-evaluation-only,nightly,pass,,bf1b555eb6e28ad396547de2dd5b05ef003580a8efd8e85bc7e3a07d4b7d1622,29457,parts=24; slides=0; charts=0; media=0; embeddings=0; private evaluation only; do not redistribute; private source redacted
docx_ms_expansion_200_tdf123705,corpus/docx/docx_ms_expansion_200_tdf123705.docx,word,docx,private-source:118b188120d4db3d,Microsoft Macintosh Word,14.0000,office-native;headers;footers;footnotes;endnotes;customxml;content-controls;track-changes;fields;hyperlinks,private-evaluation-only,nightly,pass,,118b188120d4db3d89157ad4702bc1b0850e55a79e1637b6a5a58d1e44864b28,49292,parts=29; slides=0; charts=0; media=0; embeddings=0; private evaluation only; do not redistribute; private source redacted
docx_ms_expansion_201_tdf38575-fullwidthline,corpus/docx/docx_ms_expansion_201_tdf38575-fullwidthline.docx,word,docx,private-source:c6d022b650e67cb5,Microsoft Office Word,16.0000,office-native;media;headers;footnotes;endnotes;hyperlinks,private-evaluation-only,nightly,pass,,c6d022b650e67cb5281cfc71083dab16930d5515ef9ff78fe54d7c04ed9debaf,68967,parts=20; slides=0; charts=0; media=1; embeddings=0; private evaluation only; do not redistribute; private source redacted
docx_ms_expansion_202_organic-boho-digital-strategist-resu,corpus/docx/docx_ms_expansion_202_organic-boho-digital-strategist-resu.docx,word,docx,private-source:351e0f5650594ff7,Microsoft Office Word,16.0000,office-native;media;customxml,private-evaluation-only,nightly,pass,,351e0f5650594ff77ca86adb237c8d32e5160b78a1ad12e433f94fa25140a904,69672,parts=39; slides=0; charts=0; media=12; embeddings=0; private evaluation only; do not redistribute; private source redacted
docx_ms_expansion_203_photo-resume,corpus/docx/docx_ms_expansion_203_photo-resume.docx,word,docx,private-source:f96080700a457ebe,Microsoft Office Word,16.0000,office-native;media;footnotes;endnotes;customxml;content-controls;track-changes,private-evaluation-only,nightly,pass,,f96080700a457ebefadd47201259a0daf24dcb122426e51f227f23bf0b911f42,162712,parts=36; slides=0; charts=0; media=3; embeddings=0; private evaluation only; do not redistribute; private source redacted
docx_ms_expansion_204_pink-floral-cover-letter,corpus/docx/docx_ms_expansion_204_pink-floral-cover-letter.docx,word,docx,private-source:557c8a828304bb59,Microsoft Office Word,16.0000,office-native;media;headers;footnotes;endnotes;content-controls;track-changes,private-evaluation-only,nightly,pass,,557c8a828304bb59773d0ebdd8dd28925c8c4fa8eab447be6408f6872483f408,518797,parts=28; slides=0; charts=0; media=4; embeddings=0; private evaluation only; do not redistribute; private source redacted
docx_ms_expansion_205_fdo78292,corpus/docx/docx_ms_expansion_205_fdo78292.docx,word,docx,private-source:8994a4ad4cd37422,Microsoft Office Word,14.0000,office-native;media;footers;footnotes;endnotes;customxml;content-controls;hyperlinks,private-evaluation-only,nightly,pass,,8994a4ad4cd374222faae70afafcfb4c0ceaa5214d7bbec849d275ec8b5cee0f,586141,parts=30; slides=0; charts=0; media=3; embeddings=0; private evaluation only; do not redistribute; private source redacted
docx_ms_expansion_206_14,corpus/docx/docx_ms_expansion_206_14.docx,word,docx,private-source:81256582c2e15ed5,Microsoft Office Word,15.0000,office-native;media;footers;footnotes;endnotes;content-controls;track-changes;fields;hyperlinks,private-evaluation-only,nightly,pass,,81256582c2e15ed57b85d5d92e271bb4300202c29a68c96906c04b8430eb2b93,643523,parts=24; slides=0; charts=0; media=1; embeddings=0; private evaluation only; do not redistribute; private source redacted
docx_ms_expansion_207_metro-report,corpus/docx/docx_ms_expansion_207_metro-report.docx,word,docx,private-source:b7adbc5aea89b6ef,Microsoft Office Word,16.0000,office-native;media;headers;footers;footnotes;endnotes;content-controls;fields,private-evaluation-only,nightly,pass,,b7adbc5aea89b6efa7dc4d8f55d7ba6793169b4fe0803b00d4a0e1145abb7f9b,719108,parts=27; slides=0; charts=0; media=3; embeddings=0; private evaluation only; do not redistribute; private source redacted
docx_ms_expansion_208_coverletter-a4,corpus/docx/docx_ms_expansion_208_coverletter-a4.docx,word,docx,private-source:11efe39bc140ddac,Microsoft Office Word,16.0000,office-native;media;customxml,private-evaluation-only,nightly,pass,,11efe39bc140ddaca856e7f6d8ec916d512448834c4e6268d1e8d5058e46ec28,4382720,parts=16; slides=0; charts=0; media=2; embeddings=0; private evaluation only; do not redistribute; private source redacted
docx_ms_expansion_209_field-char-height-header-toc,corpus/docx/docx_ms_expansion_209_field-char-height-header-toc.docx,word,docx,private-source:5aeb64c374aa716a,Microsoft Office Word,16.0000,office-native;headers;footnotes;endnotes;fields;hyperlinks,private-evaluation-only,nightly,pass,,5aeb64c374aa716a934593cd9ed1522d7e529bd2b6e2d5459ac691e6e7a74cb0,16798,parts=14; slides=0; charts=0; media=0; embeddings=0; private evaluation only; do not redistribute; private source redacted
docx_ms_expansion_210_tdf117137,corpus/docx/docx_ms_expansion_210_tdf117137.docx,word,docx,private-source:3201e7934a462af6,Microsoft Office Word,15.0000,office-native;headers;footers;footnotes;endnotes,private-evaluation-only,nightly,pass,,3201e7934a462af6e04e07a197cc3f39697ed2b322ee8a27f77c588a26138bf8,17888,parts=20; slides=0; charts=0; media=0; embeddings=0; private evaluation only; do not redistribute; private source redacted
pptx_ms_expansion_211_bevel,corpus/pptx/pptx_ms_expansion_211_bevel.pptx,powerpoint,pptx,private-source:b9dddf7a83cd60fa,Microsoft Office PowerPoint,16.0000,office-native;media;multi-master;many-layouts,private-evaluation-only,nightly,pass,,b9dddf7a83cd60fa6020a91f94e7e7d474b07e4abde21109d91548601929e5d4,1672585,parts=137; slides=1; charts=0; media=9; embeddings=0; private evaluation only; do not redistribute; private source redacted
pptx_ms_expansion_212_p2-07,corpus/pptx/pptx_ms_expansion_212_p2-07.pptx,powerpoint,pptx,private-source:de50a2a0c7dc2414,Microsoft Macintosh PowerPoint,16.0000,office-native;media;notes;transitions;multi-master;many-layouts,private-evaluation-only,nightly,pass,,de50a2a0c7dc2414ff3c0eed7ecbe1ca7a54a80d9c4076946225923e2cbbe02d,2701271,parts=140; slides=20; charts=0; media=20; embeddings=0; private evaluation only; do not redistribute; private source redacted
pptx_ms_expansion_213_1,corpus/pptx/pptx_ms_expansion_213_1.pptx,powerpoint,pptx,private-source:32eae069108c09a8,Microsoft Office PowerPoint,15.0000,office-native;diagrams;media;notes;transitions;animations;multi-master,private-evaluation-only,nightly,pass,,32eae069108c09a82e38afb67c548dbc2d72284c1d74324d7acb8e0c14689c9a,4934030,parts=111; slides=23; charts=0; media=29; embeddings=0; private evaluation only; do not redistribute; private source redacted
pptx_ms_expansion_214_office-file,corpus/pptx/pptx_ms_expansion_214_office-file.pptx,powerpoint,pptx,private-source:fb837e7727945cf0,Microsoft Office PowerPoint,16.0000,office-native;charts;media;embedded-objects;embedded-workbooks;animations;multi-master;many-layouts,private-evaluation-only,nightly,pass,,fb837e7727945cf0a9b5c02b395067359c431d64c719c9b79b6a57a096a46caa,5711816,parts=115; slides=27; charts=6; media=12; embeddings=3; private evaluation only; do not redistribute; private source redacted
pptx_ms_expansion_215_6,corpus/pptx/pptx_ms_expansion_215_6.pptx,powerpoint,pptx,private-source:22843ba9af782ad3,Microsoft Office PowerPoint,15.0000,office-native;charts;diagrams;media;notes;animations;multi-master,private-evaluation-only,nightly,pass,,22843ba9af782ad327cabbc5aa56bb5846d3508a7933ea7b9950c57fb5a4516f,9233527,parts=250; slides=56; charts=4; media=30; embeddings=0; private evaluation only; do not redistribute; private source redacted
pptx_ms_expansion_216_hr-ppt,corpus/pptx/pptx_ms_expansion_216_hr-ppt.pptx,powerpoint,pptx,private-source:58c7f976a7e15bfd,Microsoft Office PowerPoint,16.0000,office-native;media;transitions;multi-master;many-layouts,private-evaluation-only,extended,pass,,58c7f976a7e15bfd4b7a0a106a7aa25588c6d613ab93ff7a310fd8e55cac1ca6,23493363,parts=100; slides=24; charts=0; media=13; embeddings=0; private evaluation only; do not redistribute; private source redacted
pptx_ms_expansion_217_4-scqa-11p,corpus/pptx/pptx_ms_expansion_217_4-scqa-11p.pptx,powerpoint,pptx,private-source:d1d61e6d33f6df24,Microsoft Office PowerPoint,16.0000,office-native;charts;media;embedded-objects;embedded-workbooks;notes;transitions;animations;multi-master;many-layouts,private-evaluation-only,extended,pass,,d1d61e6d33f6df247b1627b7a28a4c4aa9ef1913875a3245e5e8b5bd1a0776fb,38136799,parts=583; slides=11; charts=4; media=16; embeddings=1; private evaluation only; do not redistribute; private source redacted
pptx_ms_expansion_218_ppt-12-5,corpus/pptx/pptx_ms_expansion_218_ppt-12-5.pptx,powerpoint,pptx,private-source:09b8adc6fb2fa5ee,Microsoft Macintosh PowerPoint,16.0000,office-native;charts;embedded-objects;embedded-workbooks;notes;transitions;animations;multi-master;many-layouts,private-evaluation-only,nightly,pass,,09b8adc6fb2fa5ee85fbe12686c55f28a1eb1a8d49a55f5d8ee4266e14a167c1,196752,parts=99; slides=5; charts=28; media=0; embeddings=7; private evaluation only; do not redistribute; private source redacted
pptx_ms_expansion_219_19p-ppt,corpus/pptx/pptx_ms_expansion_219_19p-ppt.pptx,powerpoint,pptx,private-source:e566bd51afce1a95,Microsoft Office PowerPoint,16.0000,office-native;media;notes;transitions;multi-master;many-layouts,private-evaluation-only,nightly,pass,,e566bd51afce1a956d2bb4e74516590b90fe8105ad19dd078bec76cc5f6cb4b3,701311,parts=89; slides=19; charts=0; media=3; embeddings=0; private evaluation only; do not redistribute; private source redacted
pptx_ms_expansion_220_30p-ppt,corpus/pptx/pptx_ms_expansion_220_30p-ppt.pptx,powerpoint,pptx,private-source:428a1943e62fafce,Microsoft Office PowerPoint,16.0000,office-native;media;notes;transitions;animations;multi-master,private-evaluation-only,nightly,pass,,428a1943e62fafce84455e3da78641cbd0cd83a361b7d1639caf1515de6dbfc5,1074722,parts=151; slides=30; charts=0; media=10; embeddings=0; private evaluation only; do not redistribute; private source redacted
pptx_ms_expansion_221_p2-02,corpus/pptx/pptx_ms_expansion_221_p2-02.pptx,powerpoint,pptx,private-source:2da74d020f699b2b,Microsoft Macintosh PowerPoint,16.0000,office-native;media;multi-master;many-layouts,private-evaluation-only,nightly,pass,,2da74d020f699b2b7942e3856c34f2e386236f6bb4e0678125f02f3876e8ce01,2557426,parts=283; slides=19; charts=0; media=8; embeddings=0; private evaluation only; do not redistribute; private source redacted
pptx_ms_expansion_222_28p-ppt,corpus/pptx/pptx_ms_expansion_222_28p-ppt.pptx,powerpoint,pptx,private-source:4fd19a2374a21b9f,Microsoft Office PowerPoint,16.0000,office-native;media;notes;animations;multi-master;many-layouts,private-evaluation-only,nightly,pass,,4fd19a2374a21b9f490f436ee27193e34cadb9f7dbc71364238c83eff6ce472f,3076670,parts=133; slides=28; charts=0; media=8; embeddings=0; private evaluation only; do not redistribute; private source redacted
pptx_ms_expansion_223_abc-14p-ppt,corpus/pptx/pptx_ms_expansion_223_abc-14p-ppt.pptx,powerpoint,pptx,private-source:a99cec47b1bc2994,Microsoft Office PowerPoint,16.0000,office-native;media;notes;transitions;multi-master;many-layouts,private-evaluation-only,nightly,pass,,a99cec47b1bc2994216a7b17fa03e1b7bbd753ed4b693a45b85b5bfd014f2fee,3876458,parts=164; slides=14; charts=0; media=4; embeddings=0; private evaluation only; do not redistribute; private source redacted
pptx_ms_expansion_224_13p-ppt,corpus/pptx/pptx_ms_expansion_224_13p-ppt.pptx,powerpoint,pptx,private-source:283a8e5de139744d,Microsoft Office PowerPoint,16.0000,office-native;media;transitions;multi-master;many-layouts,private-evaluation-only,nightly,pass,,283a8e5de139744d321eafad45abdf85c4c22ec77f1000b762c6ecd60ea10f6e,4861701,parts=128; slides=13; charts=0; media=58; embeddings=0; private evaluation only; do not redistribute; private source redacted
docx_ms_expansion_225_floattable-heading-split-hyphen,corpus/docx/docx_ms_expansion_225_floattable-heading-split-hyphen.docx,word,docx,private-source:000463dfea864c26,Microsoft Office Word,16.0000,office-native;footers;footnotes;endnotes;customxml,private-evaluation-only,nightly,pass,,000463dfea864c266fecd213e6cdf68ef489354ba1d3546e6cc3a47427da7518,18549,parts=17; slides=0; charts=0; media=0; embeddings=0; private evaluation only; do not redistribute; private source redacted
docx_ms_expansion_226_tdf134902,corpus/docx/docx_ms_expansion_226_tdf134902.docx,word,docx,private-source:5d6dd9860bcddf51,Microsoft Office Word,16.0000,office-native;headers;footers;footnotes;endnotes;customxml;track-changes,private-evaluation-only,nightly,pass,,5d6dd9860bcddf518366a6527306309f194d702dbe7e10e3a5f21f2323d1a8b4,30138,parts=24; slides=0; charts=0; media=0; embeddings=0; private evaluation only; do not redistribute; private source redacted
docx_ms_expansion_227_fdo78469,corpus/docx/docx_ms_expansion_227_fdo78469.docx,word,docx,private-source:3b9d53c2cc9e394e,Microsoft Office Word,14.0000,office-native;media;headers;footers;footnotes;endnotes;customxml;content-controls;hyperlinks,private-evaluation-only,nightly,pass,,3b9d53c2cc9e394ed990fc96cc90c0637d8a846f8fd66df8c3b4b5b58a5252d4,31664,parts=32; slides=0; charts=0; media=1; embeddings=0; private evaluation only; do not redistribute; private source redacted
